Symbol,FinalSettlementPrice,EvaluationDate,FirstTradeDate,ErisPAIDate,EffectiveDate,CashFlowAlignmentDate,MaturityDate,NPV (A),FixedNPV,FloatingNPV,Coupon (%),FairCoupon (%),FixedPayment,FloatingPayment,NextFixedPaymentDate,NextFixedPaymentAmount,PreviousFixingDate,PreviousFixingRate,NextFloatingPaymentDate,NextFloatingPaymentAmount,NextFixingDate,PreviousSettlementDate,PreviousSettlementPrice,PreviousErisPAI,FedFundsDate,FedFundsRate (%),AccrualDays,DailyIncrementalErisPAI,AccruedCoupons (B),ErisPAI (C),SettlementPrice (100+A+B-C),RFQ NPV TickSize ($),Nominal,ResetRateDescriptor,InterpolationFactor,HighTradePrice,LowTradePrice,LastTradePrice,DailyContractVolume,Tag55(T),Tag65(T),Tag55(T+1),Tag65(T+1),LastTradeDate,InitialSpeculatorMargin,SecondarySpeculatorMargin,InitialHedgerMargin,SecondaryHedgerMargin,ExchangeSymbol (EX005),BloombergTicker,FirstFixingDate,Category,BenchmarkContractName,PV01,DV01,ShortName,EffectiveYearMonth
LIYZ12,102.5776,03/06/2019,12/07/2012,12/07/2012,12/19/2012,12/19/2022,12/19/2022,-3.1941798183,6.6752994060,-9.8694792242,1.7500000000,2.5873878596,0.0000000000,0.0000000000,06/19/2019,0.8750000000,12/17/2018,0.0280363000,03/19/2019,0.7009075000,03/15/2019,03/05/2019,102.4941,-0.1127615748,03/05/2019,2.4000000000,1,-0.0002184969,5.6587937223,-0.1129800717,102.5775939758,"",100,2M-3M,1.0000000000,"","","","","","","","",12/16/2022,1265,1150,1150,1150,LIY,LIYZ12,12/17/2012,"","",38.14,37.93,"",201212
LIYH13,102.0471,03/06/2019,12/07/2012,12/07/2012,03/20/2013,03/20/2023,03/20/2023,-2.9225745505,7.5108999827,-10.4334745332,1.7500000000,2.4309444241,0.0000000000,0.0000000000,03/20/2019,0.8750000000,12/18/2018,0.0279200000,03/20/2019,0.6980000000,03/18/2019,03/05/2019,101.9563,-0.1206950388,03/05/2019,2.4000000000,1,-0.0002008819,4.8487982780,-0.1208959207,102.0471196482,"",100,2M-3M,1.0000000000,"","","","","","","","",03/17/2023,1265,1150,1150,1150,LIY,LIYH13,03/18/2013,"","",42.92,40.21,"",201303
LIEZ12,103.1505,03/06/2019,12/07/2012,12/07/2012,12/19/2012,12/19/2042,12/19/2042,-7.2242320806,44.8606393277,-52.0848714084,2.5000000000,2.9025930186,0.0000000000,0.0000000000,06/19/2019,1.2500000000,12/17/2018,0.0280363000,03/19/2019,0.7009075000,03/15/2019,03/05/2019,102.8217,-0.2154389523,03/05/2019,2.4000000000,1,-0.0005035020,10.1587937223,-0.2159424543,103.1505040959,"",100,2M-3M,1.0000000000,"","","","","","","","",12/18/2042,3960,3600,3600,3600,LIE,LIEZ12,12/17/2012,"","",179.44,173.51,"",201212
LIEH13,102.5400,03/06/2019,12/07/2012,12/07/2012,03/20/2013,03/20/2043,03/20/2043,-6.6500397307,45.8152235756,-52.4652633064,2.5000000000,2.8628728189,0.0000000000,0.0000000000,03/20/2019,1.2500000000,12/18/2018,0.0279200000,03/20/2019,0.6980000000,03/18/2019,03/05/2019,102.2094,-0.2157639132,03/05/2019,2.4000000000,1,-0.0004653428,8.9737982778,-0.2162292560,102.5399878030,"",100,2M-3M,1.0000000000,"","","","","","","","",03/19/2043,3960,3600,3600,3600,LIE,LIEH13,03/18/2013,"","",183.26,174.69,"",201303
LIYM13,103.8992,03/06/2019,02/28/2013,02/28/2013,06/19/2013,06/19/2023,06/19/2023,-2.4837401530,8.5349724071,-11.0187125601,2.0000000000,2.5820148056,0.0000000000,0.0000000000,06/19/2019,1.0000000000,12/17/2018,0.0280363000,03/19/2019,0.7009075000,03/15/2019,03/05/2019,103.8011,-0.0751549833,03/05/2019,2.4000000000,1,-0.0001721112,6.3076248334,-0.0753270945,103.8992117749,"",100,2M-3M,1.0000000000,"","","","","","","","",06/16/2023,1265,1150,1150,1150,LIY,LIYM13,06/17/2013,"","",42.67,42.69,"",201306
LIEM13,113.3982,03/06/2019,02/28/2013,02/28/2013,06/19/2013,06/19/2043,06/19/2043,1.7612544677,54.6242965903,-52.8630421226,3.0000000000,2.9032708203,0.0000000000,0.0000000000,06/19/2019,1.5000000000,12/17/2018,0.0280363000,03/19/2019,0.7009075000,03/15/2019,03/05/2019,113.0477,0.1705898019,03/05/2019,2.4000000000,1,0.0000940456,11.8076248334,0.1706838475,113.3981954536,"",100,2M-3M,1.0000000000,"","","","","","","","",06/18/2043,3960,3600,3600,3600,LIE,LIEM13,06/17/2013,"","",182.08,185.92,"",201306
LIYU13,108.1104,03/06/2019,05/31/2013,05/31/2013,09/18/2013,09/18/2023,09/18/2023,0.2549936824,11.8573284905,-11.6023348082,2.5000000000,2.4462371135,0.0000000000,0.0000000000,03/18/2019,1.2500000000,12/14/2018,0.0280069000,03/18/2019,0.7001725000,03/14/2019,03/05/2019,108.0047,0.0330369177,03/05/2019,2.4000000000,1,0.0000099552,7.8884065556,0.0330468729,108.1103533651,"",100,2M-3M,1.0000000000,"","","","","","","","",09/15/2023,1265,1150,1150,1150,LIY,LIYU13,09/16/2013,"","",47.43,45.44,"",201309
LIEU13,118.4371,03/06/2019,05/31/2013,05/31/2013,09/18/2013,09/18/2043,09/18/2043,7.1655132566,60.4201544747,-53.2546412181,3.2500000000,2.8645670549,0.0000000000,0.0000000000,03/18/2019,1.6250000000,12/14/2018,0.0280069000,03/18/2019,0.7001725000,03/14/2019,03/05/2019,118.0753,0.3664064633,03/05/2019,2.4000000000,1,0.0004535525,11.6384065557,0.3668600158,118.4370597965,"",100,2M-3M,1.0000000000,"","","","","","","","",09/17/2043,3960,3600,3600,3600,LIE,LIEU13,09/16/2013,"","",185.91,192.38,"",201309
LIYZ13,112.2705,03/06/2019,08/30/2013,08/30/2013,12/18/2013,12/18/2023,12/18/2023,1.9644270723,14.1468111231,-12.1823840507,3.0000000000,2.5834198134,0.0000000000,0.0000000000,06/18/2019,1.5000000000,12/14/2018,0.0280069000,03/18/2019,0.7001725000,03/14/2019,03/05/2019,112.1570,0.1458893267,03/05/2019,2.4000000000,1,0.0001233880,10.4520686389,0.1460127147,112.2704829966,"",100,2M-3M,1.0000000000,"","","","","","","","",12/15/2023,1265,1150,1150,1150,LIY,LIYZ13,12/16/2013,"","",47.16,48.25,"",201312
LIEZ13,129.0715,03/06/2019,08/30/2013,08/30/2013,12/18/2013,12/18/2043,12/18/2043,15.6246379209,69.2617113432,-53.6370734224,3.7500000000,2.9040435391,0.0000000000,0.0000000000,06/18/2019,1.8750000000,12/14/2018,0.0280069000,03/18/2019,0.7001725000,03/14/2019,03/05/2019,128.6888,0.7541510165,03/05/2019,2.4000000000,1,0.0010160616,14.2020686388,0.7551670781,129.0715394816,"",100,2M-3M,1.0000000000,"","","","","","","","",12/17/2043,3960,3600,3600,3600,LIE,LIEZ13,12/16/2013,"","",184.70,204.15,"",201312
LIBZ13,107.5696,03/06/2019,09/13/2013,09/13/2013,12/18/2013,12/18/2020,12/18/2020,-0.3313486904,4.8771177579,-5.2084664484,2.5000000000,2.6698486211,0.0000000000,0.0000000000,06/18/2019,1.2500000000,12/14/2018,0.0280069000,03/18/2019,0.7001725000,03/14/2019,03/05/2019,107.5372,0.0511903798,03/05/2019,2.4000000000,1,-0.0000242453,7.9520686389,0.0511661345,107.5695538140,"",100,2M-3M,1.0000000000,"","","","","","","","",12/17/2020,1100,1000,1000,1000,LIB,LIBZ13,12/16/2013,"","",19.51,18.42,"",201312
LIWH14,103.5394,03/06/2019,11/29/2013,11/29/2013,03/19/2014,03/19/2019,03/19/2019,0.1739416278,0.8742417066,-0.7003000788,1.7500000000,1.4018150000,0.0000000000,0.0000000000,03/19/2019,0.8750000000,12/17/2018,0.0280363000,03/19/2019,0.7009075000,,03/05/2019,103.5394,0.0117179093,03/05/2019,2.4000000000,1,0.0000115953,3.3772302502,0.0117295046,103.5394423734,"",100,2M-3M,1.0000000000,"","","","","","","","",03/18/2019,330,300,300,300,LIW,LIWH14,03/17/2014,"","",5.00,0.00,"",201403
LIBH14,105.2938,03/06/2019,11/29/2013,11/29/2013,03/19/2014,03/19/2021,03/19/2021,-0.3154453432,5.4873421554,-5.8027874985,2.2500000000,2.3793434967,0.0000000000,0.0000000000,03/19/2019,1.1250000000,12/17/2018,0.0280363000,03/19/2019,0.7009075000,03/15/2019,03/05/2019,105.2533,0.0179852397,03/05/2019,2.4000000000,1,-0.0000237314,5.6272302501,0.0179615083,105.2938233987,"",100,2M-3M,1.0000000000,"","","","","","","","",03/18/2021,1100,1000,1000,1000,LIB,LIBH14,03/17/2014,"","",24.39,22.01,"",201403
LIYH14,111.6497,03/06/2019,11/29/2013,11/29/2013,03/19/2014,03/19/2024,03/19/2024,2.7971022952,15.5634966227,-12.7663943275,3.0000000000,2.4608340857,0.0000000000,0.0000000000,03/19/2019,1.5000000000,12/17/2018,0.0280363000,03/19/2019,0.7009075000,03/15/2019,03/05/2019,111.5291,0.1494396403,03/05/2019,2.4000000000,1,0.0001784177,9.0022302500,0.1496180580,111.6497144872,"",100,2M-3M,1.0000000000,"","","","","","","","",03/18/2024,1265,1150,1150,1150,LIY,LIYH14,03/17/2014,"","",51.88,50.48,"",201403
LIEH14,128.2829,03/06/2019,11/29/2013,11/29/2013,03/19/2014,03/19/2044,03/21/2044,16.6683126609,70.6911864189,-54.0228737580,3.7500000000,2.8657854940,0.0000000000,0.0000000000,03/19/2019,1.8750000000,12/17/2018,0.0280363000,03/19/2019,0.7009075000,03/15/2019,03/05/2019,127.8980,0.7615385390,03/05/2019,2.4000000000,1,0.0010854847,12.3772302501,0.7626240237,128.2829188873,"",100,2M-3M,1.0000000000,"","","","","","","","",03/18/2044,3960,3600,3600,3600,LIE,LIEH14,03/17/2014,"","",188.51,205.72,"",201403
LIWM14,104.1866,03/06/2019,12/31/2013,12/31/2013,06/18/2014,06/18/2019,06/18/2019,-0.3654306393,0.9930880499,-1.3585186891,2.0000000000,2.7359481152,0.0000000000,0.0000000000,06/18/2019,1.0000000000,12/14/2018,0.0280069000,03/18/2019,0.7001725000,03/14/2019,03/05/2019,104.1836,0.0207605195,03/05/2019,2.4000000000,1,-0.0000245655,4.5727983610,0.0207359540,104.1866317677,"",100,2M-3M,1.0000000000,"","","","","","","","",06/17/2019,330,300,300,300,LIW,LIWM14,06/16/2014,"","",4.97,2.54,"",201406
LIBM14,108.1315,03/06/2019,12/31/2013,12/31/2013,06/18/2014,06/18/2021,06/18/2021,0.2673615960,6.6676971099,-6.4003355139,2.7500000000,2.6397303856,0.0000000000,0.0000000000,06/18/2019,1.3750000000,12/14/2018,0.0280069000,03/18/2019,0.7001725000,03/14/2019,03/05/2019,108.0840,0.0836433144,03/05/2019,2.4000000000,1,0.0000146592,7.9477983611,0.0836579736,108.1315019835,"",100,2M-3M,1.0000000000,"","","","","","","","",06/17/2021,1100,1000,1000,1000,LIB,LIBM14,06/16/2014,"","",24.25,25.17,"",201406
LIYM14,113.3892,03/06/2019,12/31/2013,12/31/2013,06/18/2014,06/18/2024,06/18/2024,3.4019589189,16.7640416615,-13.3620827425,3.2500000000,2.5904713070,0.0000000000,0.0000000000,06/18/2019,1.6250000000,12/14/2018,0.0280069000,03/18/2019,0.7001725000,03/14/2019,03/05/2019,113.2598,0.2103389125,03/05/2019,2.4000000000,1,0.0002181549,10.1977983611,0.2105570674,113.3892002127,"",100,2M-3M,1.0000000000,"","","","","","","","",06/17/2024,1265,1150,1150,1150,LIY,LIYM14,06/16/2014,"","",51.58,53.13,"",201406
LIEM14,133.1253,03/06/2019,12/31/2013,12/31/2013,06/18/2014,06/18/2044,06/20/2044,20.5115773591,74.9182393209,-54.4066619618,4.0000000000,2.9048553439,0.0000000000,0.0000000000,06/18/2019,2.0000000000,12/14/2018,0.0280069000,03/18/2019,0.7001725000,03/14/2019,03/05/2019,132.7282,0.9577474815,03/05/2019,2.4000000000,1,0.0013408768,13.5727983611,0.9590883583,133.1252873620,"",100,2M-3M,1.0000000000,"","","","","","","","",06/17/2044,3960,3600,3600,3600,LIE,LIEM14,06/16/2014,"","",187.30,212.66,"",201406
LIWU14,104.8185,03/06/2019,03/31/2014,03/31/2014,09/17/2014,09/17/2019,09/17/2019,0.2178717910,2.2346352989,-2.0167635079,2.2500000000,2.0306301860,0.0000000000,0.0000000000,03/18/2019,1.1312500000,12/13/2018,0.0278819000,03/18/2019,0.7047924722,03/14/2019,03/05/2019,104.8142,0.0364141761,03/05/2019,2.4000000000,1,0.0000142358,4.6371028056,0.0364284119,104.8185461847,"",100,2M-3M,1.0000000000,"","","","","","","","",09/16/2019,330,300,300,300,LIW,LIWU14,09/15/2014,"","",9.93,5.04,"",201409
LIBU14,107.5663,03/06/2019,03/31/2014,03/31/2014,09/17/2014,09/17/2021,09/17/2021,1.0150873371,8.0032804031,-6.9881930659,2.7500000000,2.4012067507,0.0000000000,0.0000000000,03/18/2019,1.3826388889,12/13/2018,0.0278819000,03/18/2019,0.7047924722,03/14/2019,03/05/2019,107.5137,0.0857892064,03/05/2019,2.4000000000,1,0.0000641569,6.6371028056,0.0858533633,107.5663367794,"",100,2M-3M,1.0000000000,"","","","","","","","",09/16/2021,1100,1000,1000,1000,LIB,LIBU14,09/15/2014,"","",29.10,27.57,"",201409
LIYU14,112.7540,03/06/2019,03/31/2014,03/31/2014,09/17/2014,09/17/2024,09/17/2024,4.3324927980,18.2922877302,-13.9597949323,3.2500000000,2.4802438163,0.0000000000,0.0000000000,03/18/2019,1.6340277778,12/13/2018,0.0278819000,03/18/2019,0.7047924722,03/14/2019,03/05/2019,112.6164,0.2153147036,03/05/2019,2.4000000000,1,0.0002796440,8.6371028057,0.2155943476,112.7540012561,"",100,2M-3M,1.0000000000,"","","","","","","","",09/16/2024,1265,1150,1150,1150,LIY,LIYU14,09/15/2014,"","",56.28,55.40,"",201409
LIEU14,132.3201,03/06/2019,03/31/2014,03/31/2014,09/17/2014,09/17/2044,09/19/2044,21.6495823579,76.4355790905,-54.7859967326,4.0000000000,2.8670416256,0.0000000000,0.0000000000,03/18/2019,2.0111111111,12/13/2018,0.0278819000,03/18/2019,0.7047924722,03/14/2019,03/05/2019,131.9207,0.9651269924,03/05/2019,2.4000000000,1,0.0014165842,11.6371028056,0.9665435766,132.3201415869,"",100,2M-3M,1.0000000000,"","","","","","","","",09/16/2044,3960,3600,3600,3600,LIE,LIEU14,09/15/2014,"","",191.09,214.27,"",201409
LIWZ14,104.2171,03/06/2019,06/30/2014,06/30/2014,12/17/2014,12/17/2019,12/17/2019,-0.4476379302,2.2210342515,-2.6686721817,2.2500000000,2.7034758265,0.0000000000,0.0000000000,06/17/2019,1.1250000000,12/13/2018,0.0278819000,03/18/2019,0.7047924722,03/14/2019,03/05/2019,104.2104,0.0316491401,03/05/2019,2.4000000000,1,-0.0000302922,4.6964044723,0.0316188479,104.2171476941,"",100,2M-3M,1.0000000000,"","","","","","","","",12/16/2019,330,300,300,300,LIW,LIWZ14,12/15/2014,"","",9.87,7.52,"",201412
LIBZ14,105.3191,03/06/2019,06/30/2014,06/30/2014,12/17/2014,12/17/2021,12/17/2021,-0.3326633274,7.2333006758,-7.5659640032,2.5000000000,2.6149763235,0.0000000000,0.0000000000,06/17/2019,1.2500000000,12/13/2018,0.0278819000,03/18/2019,0.7047924722,03/14/2019,03/05/2019,105.2618,0.0446861553,03/05/2019,2.4000000000,1,-0.0000259970,5.6964044723,0.0446601583,105.3190809866,"",100,2M-3M,1.0000000000,"","","","","","","","",12/16/2021,1100,1000,1000,1000,LIB,LIBZ14,12/15/2014,"","",28.93,29.55,"",201412
LIYZ14,109.7777,03/06/2019,06/30/2014,06/30/2014,12/17/2014,12/17/2024,12/17/2024,2.2316674293,16.7871707896,-14.5555033602,3.0000000000,2.6011834054,0.0000000000,0.0000000000,06/17/2019,1.5000000000,12/13/2018,0.0278819000,03/18/2019,0.7047924722,03/14/2019,03/05/2019,109.6333,0.1501873544,03/05/2019,2.4000000000,1,0.0001391388,7.6964044722,0.1503264932,109.7777454083,"",100,2M-3M,1.0000000000,"","","","","","","","",12/16/2024,1265,1150,1150,1150,LIY,LIYZ14,12/15/2014,"","",55.96,57.27,"",201412
LIEZ14,120.4077,03/06/2019,06/30/2014,06/30/2014,12/17/2014,12/17/2044,12/19/2044,11.2874250624,66.4455089879,-55.1580839254,3.5000000000,2.9054378043,0.0000000000,0.0000000000,06/17/2019,1.7500000000,12/13/2018,0.0278819000,03/18/2019,0.7047924722,03/14/2019,03/05/2019,120.0259,0.5753930485,03/05/2019,2.4000000000,1,0.0007269922,9.6964044722,0.5761200407,120.4077094940,"",100,2M-3M,1.0000000000,"","","","","","","","",12/16/2044,3960,3600,3600,3600,LIE,LIEZ14,12/15/2014,"","",189.84,204.90,"",201412
LIWH15,103.6019,03/06/2019,09/30/2014,09/30/2014,03/18/2015,03/18/2020,03/18/2020,0.0051350951,3.3315256508,-3.3263905557,2.2500000000,2.2465319301,0.0000000000,0.0000000000,03/18/2019,1.1250000000,12/14/2018,0.0280069000,03/18/2019,0.7001725000,03/14/2019,03/05/2019,103.5890,0.0298369751,03/05/2019,2.4000000000,1,-0.0000005221,3.6266305833,0.0298364530,103.6019292254,"",100,2M-3M,1.0000000000,"","","","","","","","",03/17/2020,330,300,300,300,LIW,LIWH15,03/16/2015,"","",14.81,10.00,"",201503
LIBH15,104.7607,03/06/2019,09/30/2014,09/30/2014,03/18/2015,03/18/2022,03/18/2022,0.3040269187,8.4401492180,-8.1361222993,2.5000000000,2.4099462252,0.0000000000,0.0000000000,03/18/2019,1.2500000000,12/14/2018,0.0280069000,03/18/2019,0.7001725000,03/14/2019,03/05/2019,104.6980,0.0449635001,03/05/2019,2.4000000000,1,0.0000160914,4.5016305833,0.0449795915,104.7606779105,"",100,2M-3M,1.0000000000,"","","","","","","","",03/17/2022,1100,1000,1000,1000,LIB,LIBH15,03/16/2015,"","",33.76,31.58,"",201503
LIYH15,109.1381,03/06/2019,09/30/2014,09/30/2014,03/18/2015,03/18/2025,03/18/2025,3.0397601792,18.1877312818,-15.1479711025,3.0000000000,2.4986026351,0.0000000000,0.0000000000,03/18/2019,1.5000000000,12/14/2018,0.0280069000,03/18/2019,0.7001725000,03/14/2019,03/05/2019,108.9871,0.1530628167,03/05/2019,2.4000000000,1,0.0001925695,6.2516305834,0.1532553862,109.1381353764,"",100,2M-3M,1.0000000000,"","","","","","","","",03/17/2025,1265,1150,1150,1150,LIY,LIYH15,03/16/2015,"","",60.63,59.50,"",201503
LIEH15,119.6555,03/06/2019,09/30/2014,09/30/2014,03/18/2015,03/18/2045,03/20/2045,12.2349423497,67.7578513590,-55.5229090093,3.5000000000,2.8680097972,0.0000000000,0.0000000000,03/18/2019,1.7500000000,12/14/2018,0.0280069000,03/18/2019,0.7001725000,03/14/2019,03/05/2019,119.2717,0.5802464204,03/05/2019,2.4000000000,1,0.0007900184,8.0016305834,0.5810364388,119.6555364943,"",100,2M-3M,1.0000000000,"","","","","","","","",03/17/2045,3960,3600,3600,3600,LIE,LIEH15,03/16/2015,"","",193.59,206.36,"",201503
LIWM15,103.0211,03/06/2019,12/31/2014,12/31/2014,06/17/2015,06/17/2020,06/17/2020,-0.6558324094,3.3116227165,-3.9674551260,2.2500000000,2.6955890805,0.0000000000,0.0000000000,06/17/2019,1.1250000000,12/13/2018,0.0278819000,03/18/2019,0.7047924722,03/14/2019,03/05/2019,103.0033,0.0243178903,03/05/2019,2.4000000000,1,-0.0000449096,3.7012205834,0.0242729807,103.0211151933,"",100,2M-3M,1.0000000000,"","","","","","","","",06/16/2020,330,300,300,300,LIW,LIWM15,06/15/2015,"","",14.72,12.44,"",201506
LIBM15,104.2128,03/06/2019,12/31/2014,12/31/2014,06/17/2015,06/17/2022,06/17/2022,-0.3227210064,8.3917751941,-8.7144962004,2.5000000000,2.5961420554,0.0000000000,0.0000000000,06/17/2019,1.2500000000,12/13/2018,0.0278819000,03/18/2019,0.7047924722,03/14/2019,03/05/2019,104.1436,0.0407250223,03/05/2019,2.4000000000,1,-0.0000261237,4.5762205834,0.0406988986,104.2128006784,"",100,2M-3M,1.0000000000,"","","","","","","","",06/16/2022,1100,1000,1000,1000,LIB,LIBM15,06/15/2015,"","",33.57,33.77,"",201506
LIYM15,106.1943,03/06/2019,12/31/2014,12/31/2014,06/17/2015,06/17/2025,06/17/2025,0.8253765322,16.5757920554,-15.7504155232,2.7500000000,2.6130662441,0.0000000000,0.0000000000,06/17/2019,1.3750000000,12/13/2018,0.0278819000,03/18/2019,0.7047924722,03/14/2019,03/05/2019,106.0392,0.0822779755,03/05/2019,2.4000000000,1,0.0000446821,5.4512205833,0.0823226576,106.1942744579,"",100,2M-3M,1.0000000000,"","","","","","","","",06/16/2025,1265,1150,1150,1150,LIY,LIYM15,06/15/2015,"","",60.28,61.23,"",201506
LIEM15,113.4362,03/06/2019,12/31/2014,12/31/2014,06/17/2015,06/17/2045,06/19/2045,6.6181084202,62.5125156843,-55.8944072641,3.2500000000,2.9059272630,0.0000000000,0.0000000000,06/17/2019,1.6250000000,12/13/2018,0.0278819000,03/18/2019,0.7047924722,03/14/2019,03/05/2019,113.0606,0.3827430692,03/05/2019,2.4000000000,1,0.0004161393,7.2012205833,0.3831592085,113.4361697950,"",100,2M-3M,1.0000000000,"","","","","","","","",06/16/2045,3960,3600,3600,3600,LIE,LIEM15,06/15/2015,"","",192.35,202.14,"",201506
LIWU15,102.4682,03/06/2019,03/31/2015,03/31/2015,09/16/2015,09/16/2020,09/16/2020,-0.1788031557,4.4100191224,-4.5888222781,2.2500000000,2.3412257043,0.0000000000,0.0000000000,03/18/2019,1.1312500000,12/13/2018,0.0278819000,03/18/2019,0.7047924722,03/14/2019,03/05/2019,102.4443,0.0218106422,03/05/2019,2.4000000000,1,-0.0000135117,2.6688027500,0.0217971305,102.4682024638,"",100,2M-3M,1.0000000000,"","","","","","","","",09/15/2020,330,300,300,300,LIW,LIWU15,09/14/2015,"","",19.60,14.85,"",201509
LIBU15,103.6782,03/06/2019,03/31/2015,03/31/2015,09/16/2015,09/16/2022,09/16/2022,0.2982800512,9.5863424272,-9.2880623761,2.5000000000,2.4222122375,0.0000000000,0.0000000000,03/18/2019,1.2569444444,12/13/2018,0.0278819000,03/18/2019,0.7047924722,03/14/2019,03/05/2019,103.6016,0.0395801641,03/05/2019,2.4000000000,1,0.0000147786,3.4194971944,0.0395949427,103.6781823029,"",100,2M-3M,1.0000000000,"","","","","","","","",09/15/2022,1100,1000,1000,1000,LIB,LIBU15,09/14/2015,"","",38.35,36.08,"",201509
LIYU15,105.5865,03/06/2019,03/31/2015,03/31/2015,09/16/2015,09/16/2025,09/16/2025,1.4977615665,17.8466853757,-16.3489238092,2.7500000000,2.5192095635,0.0000000000,0.0000000000,03/18/2019,1.3826388889,12/13/2018,0.0278819000,03/18/2019,0.7047924722,03/14/2019,03/05/2019,105.4271,0.0813289555,03/05/2019,2.4000000000,1,0.0000892155,4.1701916389,0.0814181710,105.5865350344,"",100,2M-3M,1.0000000000,"","","","","","","","",09/15/2025,1265,1150,1150,1150,LIY,LIYU15,09/14/2015,"","",64.90,63.38,"",201509
LIEU15,107.2985,03/06/2019,03/31/2015,03/31/2015,09/16/2015,09/16/2045,09/18/2045,2.5651896140,58.8237270394,-56.2585374254,3.0000000000,2.8691757692,0.0000000000,0.0000000000,03/18/2019,1.5083333333,12/13/2018,0.0278819000,03/18/2019,0.7047924722,03/14/2019,03/05/2019,106.9315,0.1874606684,03/05/2019,2.4000000000,1,0.0001465362,4.9208860834,0.1876072046,107.2984684928,"",100,2M-3M,1.0000000000,"","","","","","","","",09/15/2045,3960,3600,3600,3600,LIE,LIEU15,09/14/2015,"","",196.08,197.72,"",201509
LIWZ15,100.7123,03/06/2019,06/30/2015,06/30/2015,12/16/2015,12/16/2020,12/16/2020,-1.3031679103,3.8966838354,-5.1998517458,2.0000000000,2.6688599668,0.0000000000,0.0000000000,06/17/2019,1.0000000000,12/13/2018,0.0278819000,03/18/2019,0.7047924722,03/14/2019,03/05/2019,100.6803,-0.0125061569,03/05/2019,2.4000000000,1,-0.0000890061,2.0029152499,-0.0125951630,100.7123425025,"",100,2M-3M,1.0000000000,"","","","","","","","",12/15/2020,330,300,300,300,LIW,LIWZ15,12/14/2015,"","",19.48,18.24,"",201512
LIBZ15,101.4810,03/06/2019,06/30/2015,06/30/2015,12/16/2015,12/16/2022,12/16/2022,-1.2837660544,8.5779442061,-9.8617102605,2.2500000000,2.5867326195,0.0000000000,0.0000000000,06/17/2019,1.1250000000,12/13/2018,0.0278819000,03/18/2019,0.7047924722,03/14/2019,03/05/2019,101.3969,-0.0110279724,03/05/2019,2.4000000000,1,-0.0000911802,2.7536096944,-0.0111191526,101.4809627926,"",100,2M-3M,1.0000000000,"","","","","","","","",12/15/2022,1100,1000,1000,1000,LIB,LIBZ15,12/14/2015,"","",38.12,38.28,"",201512
LIYZ15,102.6785,03/06/2019,06/30/2015,06/30/2015,12/16/2015,12/16/2025,12/16/2025,-0.8197008996,16.1289762886,-16.9486771882,2.5000000000,2.6270540803,0.0000000000,0.0000000000,06/17/2019,1.2500000000,12/13/2018,0.0278819000,03/18/2019,0.7047924722,03/14/2019,03/05/2019,102.5156,0.0061595535,03/05/2019,2.4000000000,1,-0.0000655027,3.5043041388,0.0060940508,102.6785091884,"",100,2M-3M,1.0000000000,"","","","","","","","",12/15/2025,1265,1150,1150,1150,LIY,LIYZ15,12/14/2015,"","",64.52,64.98,"",201512
LIEZ15,101.2158,03/06/2019,06/30/2015,06/30/2015,12/16/2015,12/16/2045,12/18/2045,-3.0496442259,53.5703355103,-56.6199797361,2.7500000000,2.9065515978,0.0000000000,0.0000000000,06/17/2019,1.3750000000,12/13/2018,0.0278819000,03/18/2019,0.7047924722,03/14/2019,03/05/2019,100.8577,-0.0102536982,03/05/2019,2.4000000000,1,-0.0002271722,4.2549985833,-0.0104808704,101.2158352278,"",100,2M-3M,1.0000000000,"","","","","","","","",12/15/2045,3960,3600,3600,3600,LIE,LIEZ15,12/14/2015,"","",194.80,193.17,"",201512
LIWH16,100.2296,03/06/2019,09/30/2015,09/30/2015,03/16/2016,03/16/2021,03/16/2021,-0.9213280724,4.8730376666,-5.7943657391,2.0000000000,2.3781329575,0.0000000000,0.0000000000,03/18/2019,1.0055555556,12/13/2018,0.0278819000,03/18/2019,0.7047924722,03/14/2019,03/05/2019,100.1894,-0.0171031604,03/05/2019,2.4000000000,1,-0.0000641011,1.1337909445,-0.0171672615,100.2296301336,"",100,2M-3M,1.0000000000,"","","","","","","","",03/15/2021,495,450,450,450,LIW,LIWH16,03/14/2016,"","",24.37,21.87,"",201603
LIBH16,100.9971,03/06/2019,09/30/2015,09/30/2015,03/16/2016,03/16/2023,03/16/2023,-0.7764301149,9.6530695186,-10.4294996336,2.2500000000,2.4309753628,0.0000000000,0.0000000000,03/18/2019,1.1312500000,12/13/2018,0.0278819000,03/18/2019,0.7047924722,03/14/2019,03/05/2019,100.9057,-0.0140305523,03/05/2019,2.4000000000,1,-0.0000578548,1.7594853888,-0.0140884071,100.9971436809,"",100,2M-3M,1.0000000000,"","","","","","","","",03/15/2023,1100,1000,1000,1000,LIB,LIBH16,03/14/2016,"","",42.90,40.59,"",201603
LIYH16,102.1214,03/06/2019,09/30/2015,09/30/2015,03/16/2016,03/16/2026,03/16/2026,-0.2598957130,17.2835240111,-17.5434197241,2.5000000000,2.5375929864,0.0000000000,0.0000000000,03/18/2019,1.2569444444,12/13/2018,0.0278819000,03/18/2019,0.7047924722,03/14/2019,03/05/2019,101.9529,0.0038854296,03/05/2019,2.4000000000,1,-0.0000285602,2.3851798332,0.0038568694,102.1214272507,"",100,2M-3M,1.0000000000,"","","","","","","","",03/13/2026,1265,1150,1150,1150,LIY,LIYH16,03/14/2016,"","",69.13,67.05,"",201603
LIEH16,100.6420,03/06/2019,09/30/2015,09/30/2015,03/16/2016,03/16/2046,03/16/2046,-2.3781044787,54.5888444222,-56.9669489009,2.7500000000,2.8698008015,0.0000000000,0.0000000000,03/18/2019,1.3826388889,12/13/2018,0.0278819000,03/18/2019,0.7047924722,03/14/2019,03/05/2019,100.2823,-0.0090032995,03/05/2019,2.4000000000,1,-0.0001825046,3.0108742777,-0.0091858041,100.6419556031,"",100,2M-3M,1.0000000000,"","","","","","","","",03/15/2046,3960,3600,3600,3600,LIE,LIEH16,03/14/2016,"","",198.50,194.31,"",201603
LIWM16,99.7867,03/06/2019,12/31/2015,12/31/2015,06/15/2016,06/15/2021,06/15/2021,-1.5448480134,4.8391332749,-6.3839812883,2.0000000000,2.6384812840,0.0000000000,0.0000000000,06/17/2019,1.0000000000,12/13/2018,0.0278819000,03/15/2019,0.6815575556,03/13/2019,03/05/2019,99.7397,-0.0251863136,03/05/2019,2.4000000000,1,-0.0001061168,1.3062722499,-0.0252924304,99.7867166669,"",100,2M-3M,1.0000000000,"","","","","","","","",06/14/2021,495,450,450,450,LIW,LIWM16,06/13/2016,"","",24.20,24.94,"",201606
LIBM16,98.8995,03/06/2019,12/31/2015,12/31/2015,06/15/2016,06/15/2023,06/15/2023,-2.4767043283,8.5260880499,-11.0027923782,2.0000000000,2.5809708541,0.0000000000,0.0000000000,06/17/2019,1.0000000000,12/13/2018,0.0278819000,03/15/2019,0.6815575556,03/13/2019,03/05/2019,98.8015,-0.0697783322,03/05/2019,2.4000000000,1,-0.0001716347,1.3062722499,-0.0699499669,98.8995178885,"",100,2M-3M,1.0000000000,"","","","","","","","",06/14/2023,1100,1000,1000,1000,LIB,LIBM16,06/13/2016,"","",42.63,42.71,"",201606
LIYM16,99.3214,03/06/2019,12/31/2015,12/31/2015,06/15/2016,06/15/2026,06/15/2026,-2.6869638414,15.4580000192,-18.1449638607,2.2500000000,2.6411029005,0.0000000000,0.0000000000,06/17/2019,1.1250000000,12/13/2018,0.0278819000,03/15/2019,0.6815575556,03/13/2019,03/05/2019,99.1466,-0.0754991906,03/05/2019,2.4000000000,1,-0.0001907728,1.9326611388,-0.0756899634,99.3213872608,"",100,2M-3M,1.0000000000,"","","","","","","","",06/12/2026,1265,1150,1150,1150,LIY,LIYM16,06/13/2016,"","",68.70,68.58,"",201606
LIEM16,94.7428,03/06/2019,12/31/2015,12/31/2015,06/15/2016,06/15/2046,06/15/2046,-8.0219325867,49.2993252157,-57.3212578024,2.5000000000,2.9067972813,0.0000000000,0.0000000000,06/17/2019,1.2500000000,12/13/2018,0.0278819000,03/15/2019,0.6815575556,03/13/2019,03/05/2019,94.3923,-0.2050940792,03/05/2019,2.4000000000,1,-0.0005581236,2.5590500276,-0.2056522028,94.7427696437,"",100,2M-3M,1.0000000000,"","","","","","","","",06/14/2046,3960,3600,3600,3600,LIE,LIEM16,06/13/2016,"","",197.20,189.56,"",201606
LICH16,100.6747,03/06/2019,01/08/2016,01/08/2016,03/16/2016,03/16/2019,03/18/2019,0.1749285810,0.8791572074,-0.7042286263,1.7500000000,1.4017971823,0.0000000000,0.0000000000,03/18/2019,0.8798611111,12/13/2018,0.0278819000,03/18/2019,0.7047924722,,03/05/2019,100.6747,0.0083422021,03/05/2019,2.4000000000,1,0.0000116611,0.5080965000,0.0083538632,100.6746712178,"",100,2M-3M,1.0000000000,"","","","","","","","",03/15/2019,275,250,250,250,LIC,LICH16,03/14/2016,"","",5.02,0.00,"",201603
LICM16,99.4577,03/06/2019,01/08/2016,01/08/2016,06/15/2016,06/15/2019,06/17/2019,-0.6094991916,0.7448657522,-1.3543649437,1.5000000000,2.7274007560,0.0000000000,0.0000000000,06/17/2019,0.7500000000,12/13/2018,0.0278819000,03/15/2019,0.6815575556,03/13/2019,03/05/2019,99.4545,-0.0136189372,03/05/2019,2.4000000000,1,-0.0000408420,0.0534944721,-0.0136597792,99.4576550597,"",100,2M-3M,1.0000000000,"","","","","","","","",06/14/2019,275,250,250,250,LIC,LICM16,06/13/2016,"","",4.97,2.59,"",201606
LIDH16,100.7702,03/06/2019,01/08/2016,01/08/2016,03/16/2016,03/16/2020,03/16/2020,-0.3606468351,2.9561987065,-3.3168455416,2.0000000000,2.2439936357,0.0000000000,0.0000000000,03/18/2019,1.0055555556,12/13/2018,0.0278819000,03/18/2019,0.7047924722,03/14/2019,03/05/2019,100.7574,0.0029538518,03/05/2019,2.4000000000,1,-0.0000248954,1.1337909445,0.0029289564,100.7702151530,"",100,2M-3M,1.0000000000,"","","","","","","","",03/13/2020,330,300,300,300,LID,LIDH16,03/14/2016,"","",14.78,9.92,"",201603
LIDM16,99.3218,03/06/2019,01/08/2016,01/08/2016,06/15/2016,06/15/2020,06/15/2020,-1.3855906622,2.5663900362,-3.9519806984,1.7500000000,2.6948227372,0.0000000000,0.0000000000,06/17/2019,0.8750000000,12/13/2018,0.0278819000,03/15/2019,0.6815575556,03/13/2019,03/05/2019,99.3040,-0.0273806991,03/05/2019,2.4000000000,1,-0.0000935542,0.6798833610,-0.0274742533,99.3217669521,"",100,2M-3M,1.0000000000,"","","","","","","","",06/12/2020,330,300,300,300,LID,LIDM16,06/13/2016,"","",14.67,12.42,"",201606
LIIH16,104.0599,03/06/2019,01/08/2016,01/08/2016,03/16/2016,03/16/2028,03/16/2028,1.1101287653,23.5213447799,-22.4112160146,2.7500000000,2.6202092022,0.0000000000,0.0000000000,03/18/2019,1.3826388889,12/13/2018,0.0278819000,03/18/2019,0.7047924722,03/14/2019,03/05/2019,103.8424,0.0610245798,03/05/2019,2.4000000000,1,0.0000595066,3.0108742777,0.0610840864,104.0599189566,"",100,2M-3M,1.0000000000,"","","","","","","","",03/15/2028,1925,1750,1750,1750,LII,LIIH16,03/14/2016,"","",85.53,84.10,"",201603
LIIM16,100.8208,03/06/2019,01/08/2016,01/08/2016,06/15/2016,06/15/2028,06/15/2028,-1.7693639622,21.2478188795,-23.0171828417,2.5000000000,2.7081818341,0.0000000000,0.0000000000,06/17/2019,1.2500000000,12/13/2018,0.0278819000,03/15/2019,0.6815575556,03/13/2019,03/05/2019,100.6049,-0.0309778155,03/05/2019,2.4000000000,1,-0.0001323387,2.5590500276,-0.0311101542,100.8207962196,"",100,2M-3M,1.0000000000,"","","","","","","","",06/14/2028,1925,1750,1750,1750,LII,LIIM16,06/13/2016,"","",84.99,85.19,"",201606
LILH16,103.2352,03/06/2019,01/08/2016,01/08/2016,03/16/2016,03/16/2031,03/17/2031,0.2639340058,29.8394421432,-29.5755081374,2.7500000000,2.7256758685,0.0000000000,0.0000000000,03/18/2019,1.3826388889,12/13/2018,0.0278819000,03/18/2019,0.7047924722,03/14/2019,03/05/2019,102.9868,0.0396362385,03/05/2019,2.4000000000,1,0.0000010367,3.0108742777,0.0396372752,103.2351710083,"",100,2M-3M,1.0000000000,"","","","","","","","",03/14/2031,2310,2100,2100,2100,LIL,LILH16,03/14/2016,"","",108.51,106.86,"",201603
LILM16,99.4383,03/06/2019,01/08/2016,01/08/2016,06/15/2016,06/15/2031,06/16/2031,-3.1941354593,26.9514112439,-30.1455467032,2.5000000000,2.7962864755,0.0000000000,0.0000000000,06/17/2019,1.2500000000,12/13/2018,0.0278819000,03/15/2019,0.6815575556,03/13/2019,03/05/2019,99.1895,-0.0731209614,03/05/2019,2.4000000000,1,-0.0002295140,2.5590500276,-0.0733504754,99.4382650437,"",100,2M-3M,1.0000000000,"","","","","","","","",06/13/2031,2310,2100,2100,2100,LIL,LILM16,06/13/2016,"","",107.81,107.13,"",201606
LIOH16,101.9991,03/06/2019,01/08/2016,01/08/2016,03/16/2016,03/16/2036,03/17/2036,-1.0008886580,39.2404085169,-40.2412971749,2.7500000000,2.8201430977,0.0000000000,0.0000000000,03/18/2019,1.3826388889,12/13/2018,0.0278819000,03/18/2019,0.7047924722,03/14/2019,03/05/2019,101.7184,0.0110197806,03/05/2019,2.4000000000,1,-0.0000854298,3.0108742777,0.0109343508,101.9990512689,"",100,2M-3M,1.0000000000,"","","","","","","","",03/14/2036,2310,2100,2100,2100,LIO,LIOH16,03/14/2016,"","",142.69,140.28,"",201603
LIOM16,97.4042,03/06/2019,01/08/2016,01/08/2016,06/15/2016,06/15/2036,06/16/2036,-5.2877642366,35.4385554312,-40.7263196678,2.5000000000,2.8730234043,0.0000000000,0.0000000000,06/17/2019,1.2500000000,12/13/2018,0.0278819000,03/15/2019,0.6815575556,03/13/2019,03/05/2019,97.1271,-0.1325892412,03/05/2019,2.4000000000,1,-0.0003709698,2.5590500276,-0.1329602110,97.4042460020,"",100,2M-3M,1.0000000000,"","","","","","","","",06/13/2036,2310,2100,2100,2100,LIO,LIOM16,06/13/2016,"","",141.75,139.02,"",201606
LIDM17,95.7997,03/06/2019,12/30/2016,12/30/2016,06/21/2017,06/21/2021,06/21/2021,-3.3650235431,3.0301863888,-6.3952099319,1.2500000000,2.6381256428,0.0000000000,0.0000000000,06/21/2019,0.6250000000,12/19/2018,0.0278963000,03/21/2019,0.6974075000,03/19/2019,03/05/2019,95.7529,-0.1207291900,03/05/2019,2.4000000000,1,-0.0002274381,-0.9562461389,-0.1209566281,95.7996869461,"",100,2M-3M,1.0000000000,"","","","","","","","",06/18/2021,330,300,300,300,LID,LIDM17,06/19/2017,"","",24.24,24.72,"",201706
LIIZ17,100.5390,03/06/2019,06/19/2017,06/19/2017,12/20/2017,12/20/2029,12/20/2029,-0.0749426222,26.5796783695,-26.6546209917,2.7500000000,2.7577537511,0.0000000000,0.0000000000,06/20/2019,1.3750000000,12/18/2018,0.0279200000,03/20/2019,0.6980000000,03/18/2019,03/05/2019,100.3128,-0.0179190449,03/05/2019,2.4000000000,1,-0.0000200759,0.5960050556,-0.0179391208,100.5390015542,"",100,2M-3M,1.0000000000,"","","","","","","","",12/19/2029,1925,1750,1750,1750,LII,LIIZ17,12/18/2017,"","",96.65,97.70,"",201712
LILZ17,99.7107,03/06/2019,06/19/2017,06/19/2017,12/20/2017,12/20/2032,12/20/2032,-0.9249008436,32.5845520507,-33.5094528943,2.7500000000,2.8280577654,0.0000000000,0.0000000000,06/20/2019,1.3750000000,12/18/2018,0.0279200000,03/20/2019,0.6980000000,03/18/2019,03/05/2019,99.4470,-0.0394712643,03/05/2019,2.4000000000,1,-0.0000792349,0.5960050556,-0.0395504992,99.7106547111,"",100,2M-3M,1.0000000000,"","","","","","","","",12/17/2032,2310,2100,2100,2100,LIL,LILZ17,12/18/2017,"","",118.49,119.17,"",201712
LIOZ17,98.6248,03/06/2019,06/19/2017,06/19/2017,12/20/2017,12/20/2037,12/21/2037,-2.0387388624,41.5390884064,-43.5778272688,2.7500000000,2.8849700267,0.0000000000,0.0000000000,06/20/2019,1.3750000000,12/18/2018,0.0279200000,03/20/2019,0.6980000000,03/18/2019,03/05/2019,98.3295,-0.0673324825,03/05/2019,2.4000000000,1,-0.0001555870,0.5960050556,-0.0674880695,98.6247542627,"",100,2M-3M,1.0000000000,"","","","","","","","",12/18/2037,2310,2100,2100,2100,LIO,LIOZ17,12/18/2017,"","",151.05,150.87,"",201712
LIIH18,95.0326,03/06/2019,09/18/2017,09/18/2017,03/21/2018,03/21/2030,03/21/2030,-4.5029428577,22.7350537913,-27.2379966489,2.2500000000,2.6956387710,0.0000000000,0.0000000000,03/21/2019,1.1250000000,12/19/2018,0.0278963000,03/21/2019,0.6974075000,03/19/2019,03/05/2019,94.8076,-0.1685600649,03/05/2019,2.4000000000,1,-0.0003151742,-0.6333601667,-0.1688752391,95.0325722147,"",100,2M-3M,1.0000000000,"","","","","","","","",03/20/2030,1925,1750,1750,1750,LII,LIIH18,03/19/2018,"","",101.04,96.87,"",201803
LILH18,93.1544,03/06/2019,09/18/2017,09/18/2017,03/21/2018,03/21/2033,03/21/2033,-6.4302559914,27.6131369142,-34.0433929057,2.2500000000,2.7739562613,0.0000000000,0.0000000000,03/21/2019,1.1250000000,12/19/2018,0.0278963000,03/21/2019,0.6974075000,03/19/2019,03/05/2019,92.8977,-0.2175452206,03/05/2019,2.4000000000,1,-0.0004457638,-0.6333601667,-0.2179909844,93.1543748263,"",100,2M-3M,1.0000000000,"","","","","","","","",03/18/2033,2310,2100,2100,2100,LIL,LILH18,03/19/2018,"","",122.73,116.79,"",201803
LIOH18,94.4132,03/06/2019,09/18/2017,09/18/2017,03/21/2018,03/21/2038,03/22/2038,-5.2634840055,38.7648438226,-44.0283278281,2.5000000000,2.8394495815,0.0000000000,0.0000000000,03/21/2019,1.2500000000,12/19/2018,0.0278963000,03/21/2019,0.6974075000,03/19/2019,03/05/2019,94.1222,-0.1846631136,03/05/2019,2.4000000000,1,-0.0003702729,-0.5083601667,-0.1850333865,94.4131892143,"",100,2M-3M,1.0000000000,"","","","","","","","",03/19/2038,2310,2100,2100,2100,LIO,LIOH18,03/19/2018,"","",155.06,148.92,"",201803
LIIM18,94.8706,03/06/2019,12/18/2017,12/18/2017,06/20/2018,06/20/2030,06/20/2030,-5.2382689040,22.5952234985,-27.8334924024,2.2500000000,2.7716193163,0.0000000000,0.0000000000,06/20/2019,1.1250000000,12/18/2018,0.0279200000,03/20/2019,0.6980000000,03/18/2019,03/05/2019,94.6411,-0.1684613324,03/05/2019,2.4000000000,1,-0.0003644941,-0.0599555000,-0.1688258265,94.8706014225,"",100,2M-3M,1.0000000000,"","","","","","","","",06/19/2030,1925,1750,1750,1750,LII,LIIM18,06/18/2018,"","",100.42,98.64,"",201806
LILM18,93.0044,03/06/2019,12/18/2017,12/18/2017,06/20/2018,06/20/2033,06/20/2033,-7.1494306221,27.4392401276,-34.5886707497,2.2500000000,2.8362487017,0.0000000000,0.0000000000,06/20/2019,1.1250000000,12/18/2018,0.0279200000,03/20/2019,0.6980000000,03/18/2019,03/05/2019,92.7469,-0.2132609245,03/05/2019,2.4000000000,1,-0.0004937586,-0.0599555000,-0.2137546831,93.0043685610,"",100,2M-3M,1.0000000000,"","","","","","","","",06/17/2033,2310,2100,2100,2100,LIL,LILM18,06/18/2018,"","",121.95,118.37,"",201806
LIOM18,94.2770,03/06/2019,12/18/2017,12/18/2017,06/20/2018,06/20/2038,06/21/2038,-5.9743893153,38.5161809801,-44.4905702954,2.5000000000,2.8877843781,0.0000000000,0.0000000000,06/20/2019,1.2500000000,12/18/2018,0.0279200000,03/20/2019,0.6980000000,03/18/2019,03/05/2019,93.9838,-0.1859593365,03/05/2019,2.4000000000,1,-0.0004178105,0.0650445000,-0.1863771470,94.2770323317,"",100,2M-3M,1.0000000000,"","","","","","","","",06/18/2038,2310,2100,2100,2100,LIO,LIOM18,06/18/2018,"","",154.06,150.33,"",201806
LIIU18,97.2821,03/06/2019,03/19/2018,03/19/2018,09/19/2018,09/19/2030,09/19/2030,-2.2270600046,26.2003913200,-28.4274513246,2.5000000000,2.7125025517,0.0000000000,0.0000000000,03/19/2019,1.2500000000,12/17/2018,0.0280363000,03/19/2019,0.7009075000,03/15/2019,03/05/2019,97.0452,-0.1001678905,03/05/2019,2.4000000000,1,-0.0001642505,-0.5911840278,-0.1003321410,97.2820881086,"",100,2M-3M,1.0000000000,"","","","","","","","",09/18/2030,1925,1750,1750,1750,LII,LIIU18,09/17/2018,"","",104.80,101.81,"",201809
LILU18,95.9507,03/06/2019,03/19/2018,03/19/2018,09/19/2018,09/19/2033,09/19/2033,-3.5867313374,31.5452347717,-35.1319661091,2.5000000000,2.7842530229,0.0000000000,0.0000000000,03/19/2019,1.2500000000,12/17/2018,0.0280363000,03/19/2019,0.7009075000,03/15/2019,03/05/2019,95.6885,-0.1283830450,03/05/2019,2.4000000000,1,-0.0002565822,-0.5911840278,-0.1286396272,95.9507242620,"",100,2M-3M,1.0000000000,"","","","","","","","",09/16/2033,2310,2100,2100,2100,LIL,LILU18,09/17/2018,"","",126.18,122.07,"",201809
LIOU18,94.1435,03/06/2019,03/19/2018,03/19/2018,09/19/2018,09/19/2038,09/20/2038,-5.4325419252,39.5186344140,-44.9511763392,2.5000000000,2.8436696387,0.0000000000,0.0000000000,03/19/2019,1.2500000000,12/17/2018,0.0280363000,03/19/2019,0.7009075000,03/15/2019,03/05/2019,93.8483,-0.1668532699,03/05/2019,2.4000000000,1,-0.0003818259,-0.5911840278,-0.1672350958,94.1435091428,"",100,2M-3M,1.0000000000,"","","","","","","","",09/17/2038,2310,2100,2100,2100,LIO,LIOU18,09/17/2018,"","",158.07,151.70,"",201809
LIIZ18,102.2397,03/06/2019,06/18/2018,06/18/2018,12/19/2018,12/19/2030,12/19/2030,2.2366408942,31.2440121660,-29.0073712718,3.0000000000,2.7852413241,0.0000000000,0.0000000000,06/19/2019,1.5000000000,12/17/2018,0.0280363000,03/19/2019,0.7009075000,03/15/2019,03/05/2019,101.9923,-0.0031642520,03/05/2019,2.4000000000,1,0.0001326104,0.0000000000,-0.0030316416,102.2396725358,"",100,2M-3M,1.0000000000,"","","","","","","","",12/18/2030,1925,1750,1750,1750,LII,LIIZ18,12/17/2018,"","",104.15,106.57,"",201812
LILZ18,101.9610,03/06/2019,06/18/2018,06/18/2018,12/19/2018,12/19/2033,12/19/2033,1.9517751644,37.6126604204,-35.6608852560,3.0000000000,2.8443256758,0.0000000000,0.0000000000,06/19/2019,1.5000000000,12/17/2018,0.0280363000,03/19/2019,0.7009075000,03/15/2019,03/05/2019,101.6892,-0.0093217581,03/05/2019,2.4000000000,1,0.0001119929,0.0000000000,-0.0092097652,101.9609849296,"",100,2M-3M,1.0000000000,"","","","","","","","",12/16/2033,2310,2100,2100,2100,LIL,LILZ18,12/17/2018,"","",125.38,128.10,"",201812
LIOZ18,101.7321,03/06/2019,06/18/2018,06/18/2018,12/19/2018,12/19/2038,12/20/2038,1.7167879782,47.1146002910,-45.3978123128,3.0000000000,2.8906843335,0.0000000000,0.0000000000,06/19/2019,1.5000000000,12/17/2018,0.0280363000,03/19/2019,0.7009075000,03/15/2019,03/05/2019,101.4213,-0.0154083600,03/05/2019,2.4000000000,1,0.0000937277,0.0000000000,-0.0153146323,101.7321026106,"",100,2M-3M,1.0000000000,"","","","","","","","",12/17/2038,2310,2100,2100,2100,LIO,LIOZ18,12/17/2018,"","",157.05,160.28,"",201812
LIIH19,102.1730,03/06/2019,09/17/2018,09/17/2018,03/20/2019,03/20/2031,03/20/2031,2.1710755338,31.0468253693,-28.8757498356,3.0000000000,2.7902127988,0.0000000000,0.0000000000,09/20/2019,1.5000000000,,,06/20/2019,,03/18/2019,03/05/2019,101.9215,-0.0020910380,03/05/2019,2.4000000000,1,0.0001279586,0.0000000000,-0.0019630794,102.1730386132,"",100,,,"","","","","","","","",03/19/2031,1925,1750,1750,1750,LII,LIIH19,03/18/2019,"","",103.49,108.42,"",201903
LILH19,101.8991,03/06/2019,09/17/2018,09/17/2018,03/20/2019,03/20/2034,03/20/2034,1.8922823622,37.3703563324,-35.4780739702,3.0000000000,2.8480922409,0.0000000000,0.0000000000,09/20/2019,1.5000000000,,,06/20/2019,,03/18/2019,03/05/2019,101.6262,-0.0069140761,03/05/2019,2.4000000000,1,0.0001079500,0.0000000000,-0.0068061261,101.8990884883,"",100,,,"","","","","","","","",03/17/2034,2310,2100,2100,2100,LIL,LILH19,03/18/2019,"","",124.57,129.79,"",201903
LIOH19,101.6849,03/06/2019,09/17/2018,09/17/2018,03/20/2019,03/20/2039,03/21/2039,1.6731280899,46.8062982770,-45.1331701871,3.0000000000,2.8927626312,0.0000000000,0.0000000000,09/20/2019,1.5000000000,,,06/20/2019,,03/18/2019,03/05/2019,101.3717,-0.0118434127,03/05/2019,2.4000000000,1,0.0000906590,0.0000000000,-0.0117527537,101.6848808436,"",100,,,"","","","","","","","",03/18/2039,2585,2350,2350,2350,LIO,LIOH19,03/18/2019,"","",156.02,161.77,"",201903
LIIM19,102.0486,03/06/2019,11/30/2018,11/30/2018,06/19/2019,06/19/2031,06/19/2031,2.0581728356,30.8537710950,-28.7955982594,3.0000000000,2.7998779959,0.0000000000,0.0000000000,12/19/2019,1.5000000000,,,09/19/2019,,06/17/2019,03/05/2019,101.7965,0.0094996551,03/05/2019,2.4000000000,1,0.0001203978,0.0000000000,0.0096200529,102.0485527827,"",100,,,"","","","","","","","",06/18/2031,1925,1750,1750,1750,LII,LIIM19,06/17/2019,"","",102.85,107.73,"",201906
LILM19,101.7783,03/06/2019,11/30/2018,11/30/2018,06/19/2019,06/19/2034,06/19/2034,1.7866963229,37.1333676532,-35.3466713304,3.0000000000,2.8556530337,0.0000000000,0.0000000000,12/19/2019,1.5000000000,,,09/19/2019,,06/17/2019,03/05/2019,101.5072,0.0082790642,03/05/2019,2.4000000000,1,0.0001010334,0.0000000000,0.0083800976,101.7783162253,"",100,,,"","","","","","","","",06/16/2034,2310,2100,2100,2100,LIL,LILM19,06/17/2019,"","",123.78,128.95,"",201906
LIOM19,101.5768,03/06/2019,11/30/2018,11/30/2018,06/19/2019,06/19/2039,06/20/2039,1.5846655392,46.5050480304,-44.9203824912,3.0000000000,2.8977746112,0.0000000000,0.0000000000,12/19/2019,1.5000000000,,,09/19/2019,,06/17/2019,03/05/2019,101.2644,0.0078229351,03/05/2019,2.4000000000,1,0.0000848118,0.0000000000,0.0079077469,101.5767577923,"",100,,,"","","","","","","","",06/17/2039,2585,2350,2350,2350,LIO,LIOM19,06/17/2019,"","",155.02,160.72,"",201906
LICU16,98.8989,03/06/2019,04/01/2016,04/01/2016,09/21/2016,09/21/2019,09/23/2019,-0.5332042762,1.4974820778,-2.0306863540,1.5000000000,2.0341008257,0.0000000000,0.0000000000,03/21/2019,0.7500000000,12/19/2018,0.0278963000,03/21/2019,0.6974075000,03/19/2019,03/05/2019,98.8946,-0.0237727550,03/05/2019,2.4000000000,1,-0.0000358299,-0.5917181667,-0.0238085849,98.8988861420,"",100,2M-3M,1.0000000000,"","","","","","","","",09/20/2019,275,250,250,250,LIC,LICU16,09/19/2016,"","",9.98,5.09,"",201609
LIDU16,98.7854,03/06/2019,04/01/2016,04/01/2016,09/21/2016,09/21/2020,09/21/2020,-1.1597475789,3.4337444734,-4.5934920523,1.7500000000,2.3410626952,0.0000000000,0.0000000000,03/21/2019,0.8750000000,12/19/2018,0.0278963000,03/21/2019,0.6974075000,03/19/2019,03/05/2019,98.7613,-0.0367762747,03/05/2019,2.4000000000,1,-0.0000789183,-0.0917181667,-0.0368551930,98.7853894474,"",100,2M-3M,1.0000000000,"","","","","","","","",09/18/2020,330,300,300,300,LID,LIDU16,09/19/2016,"","",19.62,14.86,"",201609
LIWU16,99.2763,03/06/2019,04/01/2016,04/01/2016,09/21/2016,09/21/2021,09/21/2021,-1.1654744822,5.8190722808,-6.9845467630,2.0000000000,2.4005705466,0.0000000000,0.0000000000,03/21/2019,1.0000000000,12/19/2018,0.0278963000,03/21/2019,0.6974075000,03/19/2019,03/05/2019,99.2240,-0.0334265177,03/05/2019,2.4000000000,1,-0.0000811800,0.4082818333,-0.0335076977,99.2763150488,"",100,2M-3M,1.0000000000,"","","","","","","","",09/20/2021,495,450,450,450,LIW,LIWU16,09/19/2016,"","",29.10,27.30,"",201609
LIBU16,100.0104,03/06/2019,04/01/2016,04/01/2016,09/21/2016,09/21/2023,09/21/2023,-0.9271486860,10.6695688502,-11.5967175362,2.2500000000,2.4455172297,0.0000000000,0.0000000000,03/21/2019,1.1250000000,12/19/2018,0.0278963000,03/21/2019,0.6974075000,03/19/2019,03/05/2019,99.9052,-0.0291608280,03/05/2019,2.4000000000,1,-0.0000688181,0.9082818333,-0.0292296461,100.0103627934,"",100,2M-3M,1.0000000000,"","","","","","","","",09/20/2023,1100,1000,1000,1000,LIB,LIBU16,09/19/2016,"","",47.42,45.17,"",201609
LIYU16,98.7206,03/06/2019,04/01/2016,04/01/2016,09/21/2016,09/21/2026,09/21/2026,-2.2719714251,16.4969412928,-18.7689127179,2.2500000000,2.5598717281,0.0000000000,0.0000000000,03/21/2019,1.1250000000,12/19/2018,0.0278963000,03/21/2019,0.6974075000,03/19/2019,03/05/2019,98.5369,-0.0841570954,03/05/2019,2.4000000000,1,-0.0001637010,0.9082818333,-0.0843207964,98.7206312046,"",100,2M-3M,1.0000000000,"","","","","","","","",09/18/2026,1265,1150,1150,1150,LIY,LIYU16,09/19/2016,"","",73.32,70.57,"",201609
LIIU16,100.1776,03/06/2019,04/01/2016,04/01/2016,09/21/2016,09/21/2028,09/21/2028,-1.2707986104,22.3729106426,-23.6437092530,2.5000000000,2.6420019316,0.0000000000,0.0000000000,03/21/2019,1.2500000000,12/19/2018,0.0278963000,03/21/2019,0.6974075000,03/19/2019,03/05/2019,99.9624,-0.0399757408,03/05/2019,2.4000000000,1,-0.0000990553,1.4082818333,-0.0400747961,100.1775580190,"",100,2M-3M,1.0000000000,"","","","","","","","",09/20/2028,1925,1750,1750,1750,LII,LIIU16,09/19/2016,"","",89.49,87.08,"",201609
LILU16,98.7945,03/06/2019,04/01/2016,04/01/2016,09/21/2016,09/21/2031,09/22/2031,-2.6954810387,28.0337162038,-30.7291972424,2.5000000000,2.7403784981,0.0000000000,0.0000000000,03/21/2019,1.2500000000,12/19/2018,0.0278963000,03/21/2019,0.6974075000,03/19/2019,03/05/2019,98.5430,-0.0815312697,03/05/2019,2.4000000000,1,-0.0001964564,1.4082818333,-0.0817277261,98.7945285207,"",100,2M-3M,1.0000000000,"","","","","","","","",09/19/2031,2310,2100,2100,2100,LIL,LILU16,09/19/2016,"","",112.13,108.81,"",201609
LIOU16,96.7877,03/06/2019,04/01/2016,04/01/2016,09/21/2016,09/21/2036,09/22/2036,-4.7608005714,36.4578168121,-41.2186173835,2.5000000000,2.8264595214,0.0000000000,0.0000000000,03/21/2019,1.2500000000,12/19/2018,0.0278963000,03/21/2019,0.6974075000,03/19/2019,03/05/2019,96.5088,-0.1398550684,03/05/2019,2.4000000000,1,-0.0003359549,1.4082818333,-0.1401910233,96.7876722852,"",100,2M-3M,1.0000000000,"","","","","","","","",09/19/2036,2310,2100,2100,2100,LIO,LIOU16,09/19/2016,"","",145.83,140.41,"",201609
LIEU16,99.4992,03/06/2019,04/01/2016,04/01/2016,09/21/2016,09/21/2046,09/21/2046,-2.4319284828,55.2423235916,-57.6742520745,2.7500000000,2.8710630345,0.0000000000,0.0000000000,03/21/2019,1.3750000000,12/19/2018,0.0278963000,03/21/2019,0.6974075000,03/19/2019,03/05/2019,99.1366,-0.0226718586,03/05/2019,2.4000000000,1,-0.0001862909,1.9082818333,-0.0228581495,99.4992115000,"",100,2M-3M,1.0000000000,"","","","","","","","",09/20/2046,3960,3600,3600,3600,LIE,LIEU16,09/19/2016,"","",200.88,196.62,"",201609
LICZ16,97.7357,03/06/2019,06/30/2016,06/30/2016,12/21/2016,12/21/2019,12/23/2019,-1.4425382053,1.2403078049,-2.6828460102,1.2500000000,2.7038106989,0.0000000000,0.0000000000,06/21/2019,0.6250000000,12/19/2018,0.0278963000,03/21/2019,0.6974075000,03/19/2019,03/05/2019,97.7288,-0.0523206331,03/05/2019,2.4000000000,1,-0.0000966257,-0.8741599167,-0.0524172588,97.7357191368,"",100,2M-3M,1.0000000000,"","","","","","","","",12/20/2019,275,250,250,250,LIC,LICZ16,12/19/2016,"","",9.92,7.54,"",201612
LIDZ16,96.4586,03/06/2019,06/30/2016,06/30/2016,12/21/2016,12/21/2020,12/21/2020,-2.7658984438,2.4380824735,-5.2039809173,1.2500000000,2.6680705913,0.0000000000,0.0000000000,06/21/2019,0.6250000000,12/19/2018,0.0278963000,03/21/2019,0.6974075000,03/19/2019,03/05/2019,96.4264,-0.0984262695,03/05/2019,2.4000000000,1,-0.0001865265,-0.8741599167,-0.0986127960,96.4585544355,"",100,2M-3M,1.0000000000,"","","","","","","","",12/18/2020,330,300,300,300,LID,LIDZ16,12/19/2016,"","",19.50,18.22,"",201612
LIWZ16,96.5137,03/06/2019,06/30/2016,06/30/2016,12/21/2016,12/21/2021,12/21/2021,-3.2232610389,4.3388740757,-7.5621351147,1.5000000000,2.6143194004,0.0000000000,0.0000000000,06/21/2019,0.7500000000,12/19/2018,0.0278963000,03/21/2019,0.6974075000,03/19/2019,03/05/2019,96.4570,-0.1108896933,03/05/2019,2.4000000000,1,-0.0002186459,-0.3741599167,-0.1111083392,96.5136873836,"",100,2M-3M,1.0000000000,"","","","","","","","",12/20/2021,495,450,450,450,LIW,LIWZ16,12/19/2016,"","",28.93,29.12,"",201612
LIBZ16,96.3387,03/06/2019,06/30/2016,06/30/2016,12/21/2016,12/21/2023,12/21/2023,-3.9261464861,8.2507394572,-12.1768859433,1.7500000000,2.5827443117,0.0000000000,0.0000000000,06/21/2019,0.8750000000,12/19/2018,0.0278963000,03/21/2019,0.6974075000,03/19/2019,03/05/2019,96.2282,-0.1387737816,03/05/2019,2.4000000000,1,-0.0002690933,0.1258400833,-0.1390428749,96.3387364722,"",100,2M-3M,1.0000000000,"","","","","","","","",12/20/2023,1100,1000,1000,1000,LIB,LIBZ16,12/19/2016,"","",47.15,46.77,"",201612
LIYZ16,93.7455,03/06/2019,06/30/2016,06/30/2016,12/21/2016,12/21/2026,12/21/2026,-6.6201416987,12.7546221868,-19.3747638855,1.7500000000,2.6583176125,0.0000000000,0.0000000000,06/21/2019,0.8750000000,12/19/2018,0.0278963000,03/21/2019,0.6974075000,03/19/2019,03/05/2019,93.5562,-0.2393104507,03/05/2019,2.4000000000,1,-0.0004539290,0.1258400833,-0.2397643797,93.7454627643,"",100,2M-3M,1.0000000000,"","","","","","","","",12/18/2026,1265,1150,1150,1150,LIY,LIYZ16,12/19/2016,"","",72.88,71.15,"",201612
LIIZ16,94.3899,03/06/2019,06/30/2016,06/30/2016,12/21/2016,12/21/2028,12/21/2028,-6.4604663987,17.7890482205,-24.2495146192,2.0000000000,2.7263419963,0.0000000000,0.0000000000,06/21/2019,1.0000000000,12/19/2018,0.0278963000,03/21/2019,0.6974075000,03/19/2019,03/05/2019,94.1795,-0.2240573925,03/05/2019,2.4000000000,1,-0.0004446941,0.6258400833,-0.2245020866,94.3898757712,"",100,2M-3M,1.0000000000,"","","","","","","","",12/20/2028,1925,1750,1750,1750,LII,LIIZ16,12/19/2016,"","",88.95,86.83,"",201612
LILZ16,91.9243,03/06/2019,06/30/2016,06/30/2016,12/21/2016,12/21/2031,12/22/2031,-9.0065687486,22.2856038374,-31.2921725860,2.0000000000,2.8082858166,0.0000000000,0.0000000000,06/21/2019,1.0000000000,12/19/2018,0.0278963000,03/21/2019,0.6974075000,03/19/2019,03/05/2019,91.6772,-0.3043956614,03/05/2019,2.4000000000,1,-0.0006168660,0.6258400833,-0.3050125274,91.9242838621,"",100,2M-3M,1.0000000000,"","","","","","","","",12/19/2031,2310,2100,2100,2100,LIL,LILZ16,12/19/2016,"","",111.43,107.07,"",201612
LIOZ16,92.3159,03/06/2019,06/30/2016,06/30/2016,12/21/2016,12/21/2036,12/22/2036,-9.0969127665,32.6000215791,-41.6969343456,2.2500000000,2.8778539931,0.0000000000,0.0000000000,06/21/2019,1.1250000000,12/19/2018,0.0278963000,03/21/2019,0.6974075000,03/19/2019,03/05/2019,92.0409,-0.2863971716,03/05/2019,2.4000000000,1,-0.0006247546,1.1258400833,-0.2870219262,92.3159492430,"",100,2M-3M,1.0000000000,"","","","","","","","",12/19/2036,2310,2100,2100,2100,LIO,LIOZ16,12/19/2016,"","",144.89,138.83,"",201612
LIEZ16,88.4111,03/06/2019,06/30/2016,06/30/2016,12/21/2016,12/21/2046,12/21/2046,-13.1210031976,44.9035481158,-58.0245513135,2.2500000000,2.9074593419,0.0000000000,0.0000000000,06/21/2019,1.1250000000,12/19/2018,0.0278963000,03/21/2019,0.6974075000,03/19/2019,03/05/2019,88.0691,-0.4053668420,03/05/2019,2.4000000000,1,-0.0008974727,1.1258400833,-0.4062643147,88.4111012004,"",100,2M-3M,1.0000000000,"","","","","","","","",12/20/2046,3960,3600,3600,3600,LIE,LIEZ16,12/19/2016,"","",199.57,185.44,"",201612
LITH17,98.7551,03/06/2019,09/30/2016,09/30/2016,03/15/2017,03/15/2019,03/15/2019,-0.0634638770,0.6176845099,-0.6811483869,1.2500000000,1.3784310112,0.0000000000,0.0000000000,03/15/2019,0.6180555556,12/13/2018,0.0278819000,03/15/2019,0.6815575556,,03/05/2019,98.7551,-0.0188665165,03/05/2019,2.4000000000,1,-0.0000042306,-1.2003525279,-0.0188707471,98.7550543423,"",100,2M-3M,1.0000000000,"","","","","","","","",03/14/2019,220,200,200,200,LIT,LITH17,03/13/2017,"","",4.94,0.00,"",201703
LICH17,98.1231,03/06/2019,09/30/2016,09/30/2016,03/15/2017,03/15/2020,03/16/2020,-1.0980476582,2.2171463848,-3.3151940430,1.5000000000,2.2428789992,0.0000000000,0.0000000000,03/15/2019,0.7416666667,12/13/2018,0.0278819000,03/15/2019,0.6815575556,03/13/2019,03/05/2019,98.1102,-0.0450008730,03/05/2019,2.4000000000,1,-0.0000740586,-0.8239636390,-0.0450749316,98.1230636344,"",100,2M-3M,1.0000000000,"","","","","","","","",03/13/2020,275,250,250,250,LIC,LICH17,03/13/2017,"","",14.78,9.97,"",201703
LIDH17,97.1237,03/06/2019,09/30/2016,09/30/2016,03/15/2017,03/15/2021,03/15/2021,-2.1352533832,3.6508490562,-5.7861024393,1.5000000000,2.3772973151,0.0000000000,0.0000000000,03/15/2019,0.7416666667,12/13/2018,0.0278819000,03/15/2019,0.6815575556,03/13/2019,03/05/2019,97.0836,-0.0828179893,03/05/2019,2.4000000000,1,-0.0001450147,-0.8239636390,-0.0829630040,97.1237459819,"",100,2M-3M,1.0000000000,"","","","","","","","",03/12/2021,330,300,300,300,LID,LIDH17,03/13/2017,"","",24.34,21.80,"",201703
LIWH17,96.2335,03/06/2019,09/30/2016,09/30/2016,03/15/2017,03/15/2022,03/15/2022,-3.0633753190,5.0567290847,-8.1201044037,1.5000000000,2.4087026221,0.0000000000,0.0000000000,03/15/2019,0.7416666667,12/13/2018,0.0278819000,03/15/2019,0.6815575556,03/13/2019,03/05/2019,96.1718,-0.1205918473,03/05/2019,2.4000000000,1,-0.0002083190,-0.8239636390,-0.1208001663,96.2334612083,"",100,2M-3M,1.0000000000,"","","","","","","","",03/14/2022,495,450,450,450,LIW,LIWH17,03/13/2017,"","",33.71,31.09,"",201703
LIBH17,96.0227,03/06/2019,09/30/2016,09/30/2016,03/15/2017,03/15/2024,03/15/2024,-3.6787106596,9.0712910049,-12.7500016645,1.7500000000,2.4596832910,0.0000000000,0.0000000000,03/15/2019,0.8652777778,12/13/2018,0.0278819000,03/15/2019,0.6815575556,03/13/2019,03/05/2019,95.9056,-0.1487569199,03/05/2019,2.4000000000,1,-0.0002530401,-0.4475747501,-0.1490099600,96.0227245503,"",100,2M-3M,1.0000000000,"","","","","","","","",03/14/2024,1100,1000,1000,1000,LIB,LIBH17,03/13/2017,"","",51.84,48.90,"",201703
LIYH17,93.3889,03/06/2019,09/30/2016,09/30/2016,03/15/2017,03/15/2027,03/15/2027,-6.4132610518,13.5485896209,-19.9618506728,1.7500000000,2.5783671699,0.0000000000,0.0000000000,03/15/2019,0.8652777778,12/13/2018,0.0278819000,03/15/2019,0.6815575556,03/13/2019,03/05/2019,93.1926,-0.2492762026,03/05/2019,2.4000000000,1,-0.0004406099,-0.4475747501,-0.2497168125,93.3888810106,"",100,2M-3M,1.0000000000,"","","","","","","","",03/12/2027,1265,1150,1150,1150,LIY,LIYH17,03/13/2017,"","",77.42,73.06,"",201703
LIIH17,94.0058,03/06/2019,09/30/2016,09/30/2016,03/15/2017,03/15/2029,03/15/2029,-6.1582941125,18.6759094608,-24.8342035733,2.0000000000,2.6594906797,0.0000000000,0.0000000000,03/15/2019,0.9888888889,12/13/2018,0.0278819000,03/15/2019,0.6815575556,03/13/2019,03/05/2019,93.7949,-0.2348341014,03/05/2019,2.4000000000,1,-0.0004245816,-0.0711858612,-0.2352586830,94.0057787093,"",100,2M-3M,1.0000000000,"","","","","","","","",03/14/2029,1925,1750,1750,1750,LII,LIIH17,03/13/2017,"","",93.38,88.64,"",201703
LILH17,91.5473,03/06/2019,09/30/2016,09/30/2016,03/15/2017,03/15/2032,03/15/2032,-8.6966148459,23.1388532084,-31.8354680543,2.0000000000,2.7516893571,0.0000000000,0.0000000000,03/15/2019,0.9888888889,12/13/2018,0.0278819000,03/15/2019,0.6815575556,03/13/2019,03/05/2019,91.2984,-0.3145057011,03/05/2019,2.4000000000,1,-0.0005963262,-0.0711858612,-0.3151020273,91.5473013202,"",100,2M-3M,1.0000000000,"","","","","","","","",03/12/2032,2310,2100,2100,2100,LIL,LILH17,03/13/2017,"","",115.69,108.68,"",201703
LIOH17,91.9573,03/06/2019,09/30/2016,09/30/2016,03/15/2017,03/15/2037,03/16/2037,-8.6467804142,33.5154669792,-42.1622473934,2.2500000000,2.8304858976,0.0000000000,0.0000000000,03/15/2019,1.1125000000,12/13/2018,0.0278819000,03/15/2019,0.6815575556,03/13/2019,03/05/2019,91.6803,-0.2982361316,03/05/2019,2.4000000000,1,-0.0005948790,0.3052030277,-0.2988310106,91.9572536241,"",100,2M-3M,1.0000000000,"","","","","","","","",03/13/2037,2310,2100,2100,2100,LIO,LIOH17,03/13/2017,"","",148.96,140.26,"",201703
LIEH17,88.0933,03/06/2019,09/30/2016,09/30/2016,03/15/2017,03/15/2047,03/15/2047,-12.6301718773,45.7426426407,-58.3728145180,2.2500000000,2.8712559022,0.0000000000,0.0000000000,03/15/2019,1.1125000000,12/13/2018,0.0278819000,03/15/2019,0.6815575556,03/13/2019,03/05/2019,87.7499,-0.4174009677,03/05/2019,2.4000000000,1,-0.0008648471,0.3052030277,-0.4182658148,88.0932969652,"",100,2M-3M,1.0000000000,"","","","","","","","",03/14/2047,3960,3600,3600,3600,LIE,LIEH17,03/13/2017,"","",203.30,186.51,"",201703
LITM17,98.3397,03/06/2019,12/30/2016,12/30/2016,06/21/2017,06/21/2019,06/21/2019,-0.7351167255,0.6205557435,-1.3556724690,1.2500000000,2.7307628749,0.0000000000,0.0000000000,06/21/2019,0.6250000000,12/19/2018,0.0278963000,03/21/2019,0.6974075000,03/19/2019,03/05/2019,98.3367,-0.0310149876,03/05/2019,2.4000000000,1,-0.0000492057,-0.9562461389,-0.0310641933,98.3397013290,"",100,2M-3M,1.0000000000,"","","","","","","","",06/20/2019,220,200,200,200,LIT,LITM17,06/19/2017,"","",4.96,2.53,"",201706
LICM17,96.9896,03/06/2019,12/30/2016,12/30/2016,06/21/2017,06/21/2020,06/22/2020,-2.1301608088,1.8426311021,-3.9727919109,1.2500000000,2.6950537647,0.0000000000,0.0000000000,06/21/2019,0.6250000000,12/19/2018,0.0278963000,03/21/2019,0.6974075000,03/19/2019,03/05/2019,96.9717,-0.0758456897,03/05/2019,2.4000000000,1,-0.0001431943,-0.9562461389,-0.0759888840,96.9895819363,"",100,2M-3M,1.0000000000,"","","","","","","","",06/19/2020,275,250,250,250,LIC,LICM17,06/19/2017,"","",14.74,12.37,"",201706
LIWM17,94.6936,03/06/2019,12/30/2016,12/30/2016,06/21/2017,06/21/2022,06/21/2022,-4.5157458142,4.1948244396,-8.7105702538,1.2500000000,2.5956301566,0.0000000000,0.0000000000,06/21/2019,0.6250000000,12/19/2018,0.0278963000,03/21/2019,0.6974075000,03/19/2019,03/05/2019,94.6257,-0.1653153841,03/05/2019,2.4000000000,1,-0.0003055611,-0.9562461389,-0.1656209452,94.6936289922,"",100,2M-3M,1.0000000000,"","","","","","","","",06/20/2022,495,450,450,450,LIW,LIWM17,06/19/2017,"","",33.56,33.05,"",201706
LIBM17,94.0051,03/06/2019,12/30/2016,12/30/2016,06/21/2017,06/21/2024,06/21/2024,-5.6211157808,7.7357758380,-13.3568916188,1.5000000000,2.5899583762,0.0000000000,0.0000000000,06/21/2019,0.7500000000,12/19/2018,0.0278963000,03/21/2019,0.6974075000,03/19/2019,03/05/2019,93.8808,-0.2071267459,03/05/2019,2.4000000000,1,-0.0003830042,-0.5812461389,-0.2075097501,94.0051478304,"",100,2M-3M,1.0000000000,"","","","","","","","",06/20/2024,1100,1000,1000,1000,LIB,LIBM17,06/19/2017,"","",51.57,50.66,"",201706
LIYM17,90.7054,03/06/2019,12/30/2016,12/30/2016,06/21/2017,06/21/2027,06/21/2027,-9.0404757308,11.5472493132,-20.5877250440,1.5000000000,2.6743674384,0.0000000000,0.0000000000,06/21/2019,0.7500000000,12/19/2018,0.0278963000,03/21/2019,0.6974075000,03/19/2019,03/05/2019,90.5049,-0.3265287794,03/05/2019,2.4000000000,1,-0.0006160281,-0.5812461389,-0.3271448075,90.7054229378,"",100,2M-3M,1.0000000000,"","","","","","","","",06/18/2027,1265,1150,1150,1150,LIY,LIYM17,06/19/2017,"","",76.98,74.12,"",201706
LIIM17,88.2961,03/06/2019,12/30/2016,12/30/2016,06/21/2017,06/21/2029,06/21/2029,-11.5306777908,13.9235054403,-25.4541832311,1.5000000000,2.7422171098,0.0000000000,0.0000000000,06/21/2019,0.7500000000,12/19/2018,0.0278963000,03/21/2019,0.6974075000,03/19/2019,03/05/2019,88.0887,-0.4071981788,03/05/2019,2.4000000000,1,-0.0007824810,-0.5812461389,-0.4079806598,88.2960567301,"",100,2M-3M,1.0000000000,"","","","","","","","",06/20/2029,1925,1750,1750,1750,LII,LIIM17,06/19/2017,"","",92.82,88.02,"",201706
LILM17,84.7803,03/06/2019,12/30/2016,12/30/2016,06/21/2017,06/21/2032,06/21/2032,-15.1599889672,17.2454362497,-32.4054252168,1.5000000000,2.8186087682,0.0000000000,0.0000000000,06/21/2019,0.7500000000,12/19/2018,0.0278963000,03/21/2019,0.6974075000,03/19/2019,03/05/2019,84.5375,-0.5205015300,03/05/2019,2.4000000000,1,-0.0010267825,-0.5812461389,-0.5215283125,84.7802932064,"",100,2M-3M,1.0000000000,"","","","","","","","",06/18/2032,2310,2100,2100,2100,LIL,LILM17,06/19/2017,"","",114.97,106.50,"",201706
LIOM17,83.6095,03/06/2019,12/30/2016,12/30/2016,06/21/2017,06/21/2037,06/22/2037,-16.7439308207,25.8975345762,-42.6414653969,1.7500000000,2.8814543803,0.0000000000,0.0000000000,06/21/2019,0.8750000000,12/19/2018,0.0278963000,03/21/2019,0.6974075000,03/19/2019,03/05/2019,83.3428,-0.5585839529,03/05/2019,2.4000000000,1,-0.0011339709,-0.2062461389,-0.5597179238,83.6095409642,"",100,2M-3M,1.0000000000,"","","","","","","","",06/19/2037,2310,2100,2100,2100,LIO,LIOM17,06/19/2017,"","",147.99,135.20,"",201706
LIEM17,77.1829,03/06/2019,12/30/2016,12/30/2016,06/21/2017,06/21/2047,06/21/2047,-23.3766592062,35.3400596932,-58.7167188994,1.7500000000,2.9075858662,0.0000000000,0.0000000000,06/21/2019,0.8750000000,12/19/2018,0.0278963000,03/21/2019,0.6974075000,03/19/2019,03/05/2019,76.8611,-0.7642190108,03/05/2019,2.4000000000,1,-0.0015797930,-0.2062461389,-0.7657988038,77.1828934586,"",100,2M-3M,1.0000000000,"","","","","","","","",06/20/2047,3960,3600,3600,3600,LIE,LIEM17,06/19/2017,"","",201.94,174.70,"",201706
LITU17,98.9980,03/06/2019,03/31/2017,03/31/2017,09/20/2017,09/20/2019,09/20/2019,-0.2792941535,1.7377010757,-2.0169952292,1.7500000000,2.0312709133,0.0000000000,0.0000000000,03/20/2019,0.8750000000,12/18/2018,0.0279200000,03/20/2019,0.6980000000,03/18/2019,03/05/2019,98.9937,-0.0161747567,03/05/2019,2.4000000000,1,-0.0000189040,-0.7389255000,-0.0161936607,98.9979740072,"",100,2M-3M,1.0000000000,"","","","","","","","",09/19/2019,220,200,200,200,LIT,LITU17,09/18/2017,"","",9.93,5.05,"",201709
LICU17,98.1432,03/06/2019,03/31/2017,03/31/2017,09/20/2017,09/20/2020,09/21/2020,-1.1627440230,3.4386018951,-4.6013459182,1.7500000000,2.3417527246,0.0000000000,0.0000000000,03/20/2019,0.8750000000,12/18/2018,0.0279200000,03/20/2019,0.6980000000,03/18/2019,03/05/2019,98.1191,-0.0447886017,03/05/2019,2.4000000000,1,-0.0000791206,-0.7389255000,-0.0448677223,98.1431981992,"",100,2M-3M,1.0000000000,"","","","","","","","",09/18/2020,275,250,250,250,LIC,LICU17,09/18/2017,"","",19.65,14.88,"",201709
LIDU17,98.3911,03/06/2019,03/31/2017,03/31/2017,09/20/2017,09/20/2021,09/20/2021,-1.1665836455,5.8194466333,-6.9860302788,2.0000000000,2.4009259708,0.0000000000,0.0000000000,03/20/2019,1.0000000000,12/18/2018,0.0279200000,03/20/2019,0.6980000000,03/18/2019,03/05/2019,98.3388,-0.0465187226,03/05/2019,2.4000000000,1,-0.0000812528,-0.4889255000,-0.0465999754,98.3910908299,"",100,2M-3M,1.0000000000,"","","","","","","","",09/17/2021,330,300,300,300,LID,LIDU17,09/18/2017,"","",29.10,27.31,"",201709
LIWU17,97.9594,03/06/2019,03/31/2017,03/31/2017,09/20/2017,09/20/2022,09/20/2022,-1.6193176565,7.6726793364,-9.2919969929,2.0000000000,2.4220996566,0.0000000000,0.0000000000,03/20/2019,1.0000000000,12/18/2018,0.0279200000,03/20/2019,0.6980000000,03/18/2019,03/05/2019,97.8832,-0.0675367119,03/05/2019,2.4000000000,1,-0.0001130285,-0.4889255000,-0.0676497404,97.9594065839,"",100,2M-3M,1.0000000000,"","","","","","","","",09/19/2022,495,450,450,450,LIW,LIWU17,09/18/2017,"","",38.36,35.80,"",201709
LIBU17,98.5299,03/06/2019,03/31/2017,03/31/2017,09/20/2017,09/20/2024,09/20/2024,-1.2964383677,12.6614721416,-13.9579105094,2.2500000000,2.4803828729,0.0000000000,0.0000000000,03/20/2019,1.1250000000,12/18/2018,0.0279200000,03/20/2019,0.6980000000,03/18/2019,03/05/2019,98.3954,-0.0652133931,03/05/2019,2.4000000000,1,-0.0000953901,-0.2389255000,-0.0653087832,98.5299449154,"",100,2M-3M,1.0000000000,"","","","","","","","",09/19/2024,1100,1000,1000,1000,LIB,LIBU17,09/18/2017,"","",56.27,53.89,"",201709
LIYU17,99.2433,03/06/2019,03/31/2017,03/31/2017,09/20/2017,09/20/2027,09/20/2027,-0.8220082365,20.3803324047,-21.2023406412,2.5000000000,2.6008335169,0.0000000000,0.0000000000,03/20/2019,1.2500000000,12/18/2018,0.0279200000,03/20/2019,0.6980000000,03/18/2019,03/05/2019,99.0318,-0.0541943128,03/05/2019,2.4000000000,1,-0.0000688988,0.0110745000,-0.0542632116,99.2433294751,"",100,2M-3M,1.0000000000,"","","","","","","","",09/17/2027,1265,1150,1150,1150,LIY,LIYU17,09/18/2017,"","",81.52,79.30,"",201709
LIIU17,98.3471,03/06/2019,03/31/2017,03/31/2017,09/20/2017,09/20/2029,09/20/2029,-1.7463176065,24.3136368792,-26.0599544857,2.5000000000,2.6795615373,0.0000000000,0.0000000000,03/20/2019,1.2500000000,12/18/2018,0.0279200000,03/20/2019,0.6980000000,03/18/2019,03/05/2019,98.1272,-0.0822469425,03/05/2019,2.4000000000,1,-0.0001310736,0.0110745000,-0.0823780161,98.3471349096,"",100,2M-3M,1.0000000000,"","","","","","","","",09/19/2029,1925,1750,1750,1750,LII,LIIU17,09/18/2017,"","",97.25,94.58,"",201709
LILU17,96.9807,03/06/2019,03/31/2017,03/31/2017,09/20/2017,09/20/2032,09/20/2032,-3.1519274715,29.8115343896,-32.9634618611,2.5000000000,2.7643211374,0.0000000000,0.0000000000,03/20/2019,1.2500000000,12/18/2018,0.0279200000,03/20/2019,0.6980000000,03/18/2019,03/05/2019,96.7219,-0.1212801497,03/05/2019,2.4000000000,1,-0.0002273624,0.0110745000,-0.1215075121,96.9806545406,"",100,2M-3M,1.0000000000,"","","","","","","","",09/17/2032,2310,2100,2100,2100,LIL,LILU17,09/18/2017,"","",119.25,115.55,"",201709
LIOU17,95.0802,03/06/2019,03/31/2017,03/31/2017,09/20/2017,09/20/2037,09/21/2037,-5.1065245530,38.0090286769,-43.1155532300,2.5000000000,2.8358757597,0.0000000000,0.0000000000,03/20/2019,1.2500000000,12/18/2018,0.0279200000,03/20/2019,0.6980000000,03/18/2019,03/05/2019,94.7933,-0.1752544834,03/05/2019,2.4000000000,1,-0.0003595368,0.0110745000,-0.1756140202,95.0801639671,"",100,2M-3M,1.0000000000,"","","","","","","","",09/18/2037,2310,2100,2100,2100,LIO,LIOU17,09/18/2017,"","",152.04,146.15,"",201709
LIEU17,92.5977,03/06/2019,03/31/2017,03/31/2017,09/20/2017,09/20/2047,09/20/2047,-7.6564523975,51.4099405395,-59.0663929371,2.5000000000,2.8723235389,0.0000000000,0.0000000000,03/20/2019,1.2500000000,12/18/2018,0.0279200000,03/20/2019,0.6980000000,03/18/2019,03/05/2019,92.2404,-0.2424938456,03/05/2019,2.4000000000,1,-0.0005342113,0.0110745000,-0.2430280569,92.5976501594,"",100,2M-3M,1.0000000000,"","","","","","","","",09/19/2047,3960,3600,3600,3600,LIE,LIEU17,09/18/2017,"","",205.64,194.78,"",201709
LITZ17,99.1644,03/06/2019,06/19/2017,06/19/2017,12/20/2017,12/20/2019,12/20/2019,-0.6951609850,1.9738578740,-2.6690188590,2.0000000000,2.7043678211,0.0000000000,0.0000000000,06/20/2019,1.0000000000,12/18/2018,0.0279200000,03/20/2019,0.6980000000,03/18/2019,03/05/2019,99.1576,-0.0135268656,03/05/2019,2.4000000000,1,-0.0000467978,-0.1539949444,-0.0135736634,99.1644177340,"",100,2M-3M,1.0000000000,"","","","","","","","",12/19/2019,220,200,200,200,LIT,LITZ17,12/18/2017,"","",9.87,7.53,"",201712
LICZ17,99.2949,03/06/2019,06/19/2017,06/19/2017,12/20/2017,12/20/2020,12/21/2020,-0.8170796244,4.3947551587,-5.2118347832,2.2500000000,2.6683234534,0.0000000000,0.0000000000,06/20/2019,1.1250000000,12/18/2018,0.0279200000,03/20/2019,0.6980000000,03/18/2019,03/05/2019,99.2624,-0.0158802036,03/05/2019,2.4000000000,1,-0.0000566353,0.0960050556,-0.0159368389,99.2948622701,"",100,2M-3M,1.0000000000,"","","","","","","","",12/18/2020,275,250,250,250,LIC,LICZ17,12/18/2017,"","",19.53,18.45,"",201712
LIDZ17,99.0706,03/06/2019,06/19/2017,06/19/2017,12/20/2017,12/20/2021,12/20/2021,-1.0549377578,6.5087260866,-7.5636638444,2.2500000000,2.6146811870,0.0000000000,0.0000000000,06/20/2019,1.1250000000,12/18/2018,0.0279200000,03/20/2019,0.6980000000,03/18/2019,03/05/2019,99.0134,-0.0294413991,03/05/2019,2.4000000000,1,-0.0000741387,0.0960050556,-0.0295155378,99.0705828356,"",100,2M-3M,1.0000000000,"","","","","","","","",12/17/2021,330,300,300,300,LID,LIDZ17,12/18/2017,"","",28.93,29.45,"",201712
LIWZ17,98.8557,03/06/2019,06/19/2017,06/19/2017,12/20/2017,12/20/2022,12/20/2022,-1.2836736115,8.5819841517,-9.8656577632,2.2500000000,2.5865498671,0.0000000000,0.0000000000,06/20/2019,1.1250000000,12/18/2018,0.0279200000,03/20/2019,0.6980000000,03/18/2019,03/05/2019,98.7714,-0.0432442937,03/05/2019,2.4000000000,1,-0.0000911928,0.0960050556,-0.0433354865,98.8556669307,"",100,2M-3M,1.0000000000,"","","","","","","","",12/19/2022,594,540,540,540,LIW,LIWZ17,12/18/2017,"","",38.14,38.32,"",201712
LIBZ17,99.8080,03/06/2019,06/19/2017,06/19/2017,12/20/2017,12/20/2024,12/20/2024,-0.5670558926,13.9866305695,-14.5536864621,2.5000000000,2.6013567724,0.0000000000,0.0000000000,06/20/2019,1.2500000000,12/18/2018,0.0279200000,03/20/2019,0.6980000000,03/18/2019,03/05/2019,99.6652,-0.0290518328,03/05/2019,2.4000000000,1,-0.0000473241,0.3460050556,-0.0290991569,99.8080483199,"",100,2M-3M,1.0000000000,"","","","","","","","",12/19/2024,1100,1000,1000,1000,LIB,LIBZ17,12/18/2017,"","",55.95,56.46,"",201712
LIYZ17,98.8592,03/06/2019,06/19/2017,06/19/2017,12/20/2017,12/20/2027,12/20/2027,-1.5518832142,20.2574971281,-21.8093803422,2.5000000000,2.6915196142,0.0000000000,0.0000000000,06/20/2019,1.2500000000,12/18/2018,0.0279200000,03/20/2019,0.6980000000,03/18/2019,03/05/2019,98.6450,-0.0649881950,03/05/2019,2.4000000000,1,-0.0001177346,0.3460050556,-0.0651059296,98.8592277711,"",100,2M-3M,1.0000000000,"","","","","","","","",12/17/2027,1650,1500,1500,1500,LIY,LIYZ17,12/18/2017,"","",81.03,81.27,"",201712
LIEZ17,97.4659,03/06/2019,06/19/2017,06/19/2017,12/20/2017,12/20/2047,12/20/2047,-3.2233054971,56.1820708370,-59.4053763341,2.7500000000,2.9077743573,0.0000000000,0.0000000000,06/20/2019,1.3750000000,12/18/2018,0.0279200000,03/20/2019,0.6980000000,03/18/2019,03/05/2019,97.0957,-0.0929561710,03/05/2019,2.4000000000,1,-0.0002395532,0.5960050556,-0.0931957242,97.4658952827,"",100,2M-3M,1.0000000000,"","","","","","","","",12/19/2047,3960,3600,3600,3600,LIE,LIEZ17,12/18/2017,"","",204.30,202.34,"",201712
LITH18,98.4123,03/06/2019,09/18/2017,09/18/2017,03/21/2018,03/21/2020,03/23/2020,-0.7375360350,2.6000367228,-3.3375727578,1.7500000000,2.2464114737,0.0000000000,0.0000000000,03/21/2019,0.8750000000,12/19/2018,0.0278963000,03/21/2019,0.6974075000,03/19/2019,03/05/2019,98.3992,-0.0331406824,03/05/2019,2.4000000000,1,-0.0000500411,-0.8833601667,-0.0331907235,98.4122945218,"",100,2M-3M,1.0000000000,"","","","","","","","",03/20/2020,220,200,200,200,LIT,LITH18,03/19/2018,"","",14.86,10.01,"",201803
LICH18,97.6442,03/06/2019,09/18/2017,09/18/2017,03/21/2018,03/21/2021,03/22/2021,-1.5325313499,4.2719605765,-5.8044919264,1.7500000000,2.3777983643,0.0000000000,0.0000000000,03/21/2019,0.8750000000,12/19/2018,0.0278963000,03/21/2019,0.6974075000,03/19/2019,03/05/2019,97.6036,-0.0599633833,03/05/2019,2.4000000000,1,-0.0001048663,-0.8833601667,-0.0600682496,97.6441767329,"",100,2M-3M,1.0000000000,"","","","","","","","",03/19/2021,385,350,350,350,LIC,LICH18,03/19/2018,"","",24.41,21.95,"",201803
LIDH18,97.9240,03/06/2019,09/18/2017,09/18/2017,03/21/2018,03/21/2022,03/21/2022,-1.3796683453,6.7508295464,-8.1304978917,2.0000000000,2.4087403884,0.0000000000,0.0000000000,03/21/2019,1.0000000000,12/19/2018,0.0278963000,03/21/2019,0.6974075000,03/19/2019,03/05/2019,97.8617,-0.0619032313,03/05/2019,2.4000000000,1,-0.0000961204,-0.7583601667,-0.0619993517,97.9239708397,"",100,2M-3M,1.0000000000,"","","","","","","","",03/18/2022,495,450,450,450,LID,LIDH18,03/19/2018,"","",33.75,31.31,"",201803
LIWH18,97.4748,03/06/2019,09/18/2017,09/18/2017,03/21/2018,03/21/2023,03/21/2023,-1.8485557795,8.5833410114,-10.4318967908,2.0000000000,2.4307310585,0.0000000000,0.0000000000,03/21/2019,1.0000000000,12/19/2018,0.0278963000,03/21/2019,0.6974075000,03/19/2019,03/05/2019,97.3835,-0.0815754923,03/05/2019,2.4000000000,1,-0.0001293163,-0.7583601667,-0.0817048086,97.4747888625,"",100,2M-3M,1.0000000000,"","","","","","","","",03/20/2023,594,540,540,540,LIW,LIWH18,03/19/2018,"","",42.92,40.42,"",201803
LIBH18,96.3445,03/06/2019,09/18/2017,09/18/2017,03/21/2018,03/21/2025,03/21/2025,-3.0202927161,12.1228256550,-15.1431183712,2.0000000000,2.4982819686,0.0000000000,0.0000000000,03/21/2019,1.0000000000,12/19/2018,0.0278963000,03/21/2019,0.6974075000,03/19/2019,03/05/2019,96.1972,-0.1229042373,03/05/2019,2.4000000000,1,-0.0002111537,-0.7583601667,-0.1231153910,96.3444625082,"",100,2M-3M,1.0000000000,"","","","","","","","",03/20/2025,1100,1000,1000,1000,LIB,LIBH18,03/19/2018,"","",60.61,57.70,"",201803
LIYH18,96.3290,03/06/2019,09/18/2017,09/18/2017,03/21/2018,03/21/2028,03/21/2028,-3.1710158831,19.2445867213,-22.4156026044,2.2500000000,2.6207424763,0.0000000000,0.0000000000,03/21/2019,1.1250000000,12/19/2018,0.0278963000,03/21/2019,0.6974075000,03/19/2019,03/05/2019,96.1155,-0.1331661869,03/05/2019,2.4000000000,1,-0.0002256192,-0.6333601667,-0.1333918061,96.3290157563,"",100,2M-3M,1.0000000000,"","","","","","","","",03/20/2028,1650,1500,1500,1500,LIY,LIYH18,03/19/2018,"","",85.53,82.27,"",201803
LIEH18,91.9877,03/06/2019,09/18/2017,09/18/2017,03/21/2018,03/21/2048,03/23/2048,-7.7507301690,51.9939608936,-59.7446910626,2.5000000000,2.8726745393,0.0000000000,0.0000000000,03/21/2019,1.2500000000,12/19/2018,0.0278963000,03/21/2019,0.6974075000,03/19/2019,03/05/2019,91.6277,-0.2462027831,03/05/2019,2.4000000000,1,-0.0005406779,-0.5083601667,-0.2467434610,91.9876531253,"",100,2M-3M,1.0000000000,"","","","","","","","",03/20/2048,3960,3600,3600,3600,LIE,LIEH18,03/19/2018,"","",207.98,196.86,"",201803
LITM18,98.3335,03/06/2019,12/18/2017,12/18/2017,06/20/2018,06/20/2020,06/22/2020,-1.3961347955,2.5845109813,-3.9806457768,1.7500000000,2.6953377872,0.0000000000,0.0000000000,06/20/2019,0.8750000000,12/18/2018,0.0279200000,03/20/2019,0.6980000000,03/18/2019,03/05/2019,98.3155,-0.0395422655,03/05/2019,2.4000000000,1,-0.0000942692,-0.3099555000,-0.0396365347,98.3335462392,"",100,2M-3M,1.0000000000,"","","","","","","","",06/19/2020,220,200,200,200,LIT,LITM18,06/18/2018,"","",14.77,12.45,"",201806
LICM18,97.5989,03/06/2019,12/18/2017,12/18/2017,06/20/2018,06/20/2021,06/21/2021,-2.1559754150,4.2470883827,-6.4030637978,1.7500000000,2.6383631882,0.0000000000,0.0000000000,06/20/2019,0.8750000000,12/18/2018,0.0279200000,03/20/2019,0.6980000000,03/18/2019,03/05/2019,97.5518,-0.0646978890,03/05/2019,2.4000000000,1,-0.0001468597,-0.3099555000,-0.0648447487,97.5989138337,"",100,2M-3M,1.0000000000,"","","","","","","","",06/18/2021,385,350,350,350,LIC,LICM18,06/18/2018,"","",24.27,24.90,"",201806
LIDM18,96.9399,03/06/2019,12/18/2017,12/18/2017,06/20/2018,06/20/2022,06/20/2022,-2.8390313296,5.8731263960,-8.7121577255,1.7500000000,2.5959386861,0.0000000000,0.0000000000,06/20/2019,0.8750000000,12/18/2018,0.0279200000,03/20/2019,0.6980000000,03/18/2019,03/05/2019,96.8714,-0.0887283261,03/05/2019,2.4000000000,1,-0.0001938224,-0.3099555000,-0.0889221485,96.9399353189,"",100,2M-3M,1.0000000000,"","","","","","","","",06/17/2022,495,450,450,450,LID,LIDM18,06/18/2018,"","",33.56,33.35,"",201806
LIWM18,97.4205,03/06/2019,12/18/2017,12/18/2017,06/20/2018,06/20/2023,06/20/2023,-2.4804341524,8.5344324942,-11.0148666466,2.0000000000,2.5812768814,0.0000000000,0.0000000000,06/20/2019,1.0000000000,12/18/2018,0.0279200000,03/20/2019,0.6980000000,03/18/2019,03/05/2019,97.3224,-0.0857306482,03/05/2019,2.4000000000,1,-0.0001718947,-0.1849555000,-0.0859025429,97.4205128905,"",100,2M-3M,1.0000000000,"","","","","","","","",06/19/2023,594,540,540,540,LIW,LIWM18,06/18/2018,"","",42.67,42.70,"",201806
LIBM18,96.2439,03/06/2019,12/18/2017,12/18/2017,06/20/2018,06/20/2025,06/20/2025,-3.6958455570,12.0528001851,-15.7486457421,2.0000000000,2.6132758364,0.0000000000,0.0000000000,06/20/2019,1.0000000000,12/18/2018,0.0279200000,03/20/2019,0.6980000000,03/18/2019,03/05/2019,96.0918,-0.1244021681,03/05/2019,2.4000000000,1,-0.0002565123,-0.1849555000,-0.1246586804,96.2438576233,"",100,2M-3M,1.0000000000,"","","","","","","","",06/19/2025,1100,1000,1000,1000,LIB,LIBM18,06/18/2018,"","",60.26,59.81,"",201806
LIYM18,96.1741,03/06/2019,12/18/2017,12/18/2017,06/20/2018,06/20/2028,06/20/2028,-3.9020201458,19.1290788277,-23.0310989735,2.2500000000,2.7089633096,0.0000000000,0.0000000000,06/20/2019,1.1250000000,12/18/2018,0.0279200000,03/20/2019,0.6980000000,03/18/2019,03/05/2019,95.9605,-0.1358386099,03/05/2019,2.4000000000,1,-0.0002743575,-0.0599555000,-0.1361129674,96.1741373217,"",100,2M-3M,1.0000000000,"","","","","","","","",06/19/2028,1650,1500,1500,1500,LIY,LIYM18,06/18/2018,"","",85.02,84.18,"",201806
LIEM18,91.8822,03/06/2019,12/18/2017,12/18/2017,06/20/2018,06/20/2048,06/22/2048,-8.4272082682,51.6584657776,-60.0856740459,2.5000000000,2.9078328761,0.0000000000,0.0000000000,06/20/2019,1.2500000000,12/18/2018,0.0279200000,03/20/2019,0.6980000000,03/18/2019,03/05/2019,91.5207,-0.2437312539,03/05/2019,2.4000000000,1,-0.0005858729,0.0650445000,-0.2443171268,91.8821533586,"",100,2M-3M,1.0000000000,"","","","","","","","",06/19/2048,3960,3600,3600,3600,LIE,LIEM18,06/18/2018,"","",206.63,197.91,"",201806
LITU18,99.2444,03/06/2019,03/19/2018,03/19/2018,09/19/2018,09/19/2020,09/21/2020,-0.1841749157,4.4273025120,-4.6114774277,2.2500000000,2.3435995585,0.0000000000,0.0000000000,03/19/2019,1.1250000000,12/17/2018,0.0280363000,03/19/2019,0.7009075000,03/15/2019,03/05/2019,99.2201,-0.0197404633,03/05/2019,2.4000000000,1,-0.0000138950,-0.5911840278,-0.0197543583,99.2443954148,"",100,2M-3M,1.0000000000,"","","","","","","","",09/18/2020,220,200,200,200,LIT,LITU18,09/17/2018,"","",19.68,14.98,"",201809
LICU18,98.9980,03/06/2019,03/19/2018,03/19/2018,09/19/2018,09/19/2021,09/20/2021,-0.4430040967,6.5531184200,-6.9961225166,2.2500000000,2.4021045636,0.0000000000,0.0000000000,03/19/2019,1.1250000000,12/17/2018,0.0280363000,03/19/2019,0.7009075000,03/15/2019,03/05/2019,98.9455,-0.0321326110,03/05/2019,2.4000000000,1,-0.0000330287,-0.5911840278,-0.0321656397,98.9979775153,"",100,2M-3M,1.0000000000,"","","","","","","","",09/17/2021,385,350,350,350,LIC,LICU18,09/17/2018,"","",29.12,27.42,"",201809
LIDU18,98.7891,03/06/2019,03/19/2018,03/19/2018,09/19/2018,09/19/2022,09/19/2022,-0.6635126414,8.6323090964,-9.2958217378,2.2500000000,2.4229436964,0.0000000000,0.0000000000,03/19/2019,1.1250000000,12/17/2018,0.0280363000,03/19/2019,0.7009075000,03/15/2019,03/05/2019,98.7126,-0.0437708548,03/05/2019,2.4000000000,1,-0.0000493293,-0.5911840278,-0.0438201841,98.7891235149,"",100,2M-3M,1.0000000000,"","","","","","","","",09/16/2022,495,450,450,450,LID,LIDU18,09/17/2018,"","",38.37,35.96,"",201809
LIWU18,98.5332,03/06/2019,03/19/2018,03/19/2018,09/19/2018,09/19/2023,09/19/2023,-0.9311504865,10.6709194011,-11.6020698876,2.2500000000,2.4463362777,0.0000000000,0.0000000000,03/19/2019,1.1250000000,12/17/2018,0.0280363000,03/19/2019,0.7009075000,03/15/2019,03/05/2019,98.4281,-0.0554631392,03/05/2019,2.4000000000,1,-0.0000690791,-0.5911840278,-0.0555322183,98.5331977040,"",100,2M-3M,1.0000000000,"","","","","","","","",09/18/2023,594,540,540,540,LIW,LIWU18,09/17/2018,"","",47.43,45.16,"",201809
LIBU18,97.7373,03/06/2019,03/19/2018,03/19/2018,09/19/2018,09/19/2025,09/19/2025,-1.7521494576,14.6052524175,-16.3574018751,2.2500000000,2.5199259258,0.0000000000,0.0000000000,03/19/2019,1.1250000000,12/17/2018,0.0280363000,03/19/2019,0.7009075000,03/15/2019,03/05/2019,97.5800,-0.0805439079,03/05/2019,2.4000000000,1,-0.0001272902,-0.5911840278,-0.0806711981,97.7373377127,"",100,2M-3M,1.0000000000,"","","","","","","","",09/18/2025,1100,1000,1000,1000,LIB,LIBU18,09/17/2018,"","",64.91,62.38,"",201809
LIYU18,98.2158,03/06/2019,03/19/2018,03/19/2018,09/19/2018,09/19/2028,09/19/2028,-1.2724380699,22.3758995284,-23.6483375983,2.5000000000,2.6421661360,0.0000000000,0.0000000000,03/19/2019,1.2500000000,12/17/2018,0.0280363000,03/19/2019,0.7009075000,03/15/2019,03/05/2019,98.0006,-0.0792972039,03/05/2019,2.4000000000,1,-0.0000991679,-0.5911840278,-0.0793963718,98.2157742741,"",100,2M-3M,1.0000000000,"","","","","","","","",09/18/2028,1650,1500,1500,1500,LIY,LIYU18,09/17/2018,"","",89.50,87.08,"",201809
LIEU18,91.7760,03/06/2019,03/19/2018,03/19/2018,09/19/2018,09/19/2048,09/21/2048,-7.8509245624,52.5750726236,-60.4259971860,2.5000000000,2.8733197203,0.0000000000,0.0000000000,03/19/2019,1.2500000000,12/17/2018,0.0280363000,03/19/2019,0.7009075000,03/15/2019,03/05/2019,91.4131,-0.2175148460,03/05/2019,2.4000000000,1,-0.0005475455,-0.5911840278,-0.2180623915,91.7759538013,"",100,2M-3M,1.0000000000,"","","","","","","","",09/18/2048,3960,3600,3600,3600,LIE,LIEU18,09/17/2018,"","",210.30,198.93,"",201809
LITZ18,100.1618,03/06/2019,06/18/2018,06/18/2018,12/19/2018,12/19/2020,12/21/2020,0.1569878730,5.3789541657,-5.2219662927,2.7500000000,2.6697396673,0.0000000000,0.0000000000,06/19/2019,1.3750000000,12/17/2018,0.0280363000,03/19/2019,0.7009075000,03/15/2019,03/05/2019,100.1291,-0.0048211256,03/05/2019,2.4000000000,1,0.0000082870,0.0000000000,-0.0048128386,100.1618007116,"",100,2M-3M,1.0000000000,"","","","","","","","",12/18/2020,220,200,200,200,LIT,LITZ18,12/17/2018,"","",19.56,18.57,"",201812
LICZ18,100.3957,03/06/2019,06/18/2018,06/18/2018,12/19/2018,12/19/2021,12/20/2021,0.3889403286,7.9626964108,-7.5737560822,2.7500000000,2.6156754134,0.0000000000,0.0000000000,06/19/2019,1.3750000000,12/17/2018,0.0280363000,03/19/2019,0.7009075000,03/15/2019,03/05/2019,100.3381,-0.0067944971,03/05/2019,2.4000000000,1,0.0000220864,0.0000000000,-0.0067724107,100.3957127393,"",100,2M-3M,1.0000000000,"","","","","","","","",12/17/2021,385,350,350,350,LIC,LICZ18,12/17/2018,"","",28.96,29.69,"",201812
LIDZ18,100.6288,03/06/2019,06/18/2018,06/18/2018,12/19/2018,12/19/2022,12/19/2022,0.6202769852,10.4897562094,-9.8694792242,2.7500000000,2.5873878596,0.0000000000,0.0000000000,06/19/2019,1.3750000000,12/17/2018,0.0280363000,03/19/2019,0.7009075000,03/15/2019,03/05/2019,100.5438,-0.0085256904,03/05/2019,2.4000000000,1,0.0000356834,0.0000000000,-0.0084900070,100.6287669922,"",100,2M-3M,1.0000000000,"","","","","","","","",12/16/2022,495,450,450,450,LID,LIDZ18,12/17/2018,"","",38.14,38.70,"",201812
LIWZ18,100.7955,03/06/2019,06/18/2018,06/18/2018,12/19/2018,12/19/2023,12/19/2023,0.7849292922,12.9670880129,-12.1821587206,2.7500000000,2.5835358292,0.0000000000,0.0000000000,06/19/2019,1.3750000000,12/17/2018,0.0280363000,03/19/2019,0.7009075000,03/15/2019,03/05/2019,100.6826,-0.0106341747,03/05/2019,2.4000000000,1,0.0000448009,0.0000000000,-0.0105893738,100.7955186661,"",100,2M-3M,1.0000000000,"","","","","","","","",12/18/2023,594,540,540,540,LIW,LIWZ18,12/17/2018,"","",47.15,47.94,"",201812
LIBZ18,100.8059,03/06/2019,06/18/2018,06/18/2018,12/19/2018,12/19/2025,12/19/2025,0.7888237546,17.7460256891,-16.9572019344,2.7500000000,2.6277604990,0.0000000000,0.0000000000,06/19/2019,1.3750000000,12/17/2018,0.0280363000,03/19/2019,0.7009075000,03/15/2019,03/05/2019,100.6416,-0.0170763652,03/05/2019,2.4000000000,1,0.0000416381,0.0000000000,-0.0170347271,100.8058584818,"",100,2M-3M,1.0000000000,"","","","","","","","",12/18/2025,1100,1000,1000,1000,LIB,LIBZ18,12/17/2018,"","",64.53,65.57,"",201812
LIYZ18,102.4310,03/06/2019,06/18/2018,06/18/2018,12/19/2018,12/19/2028,12/19/2028,2.4329721914,26.6871524253,-24.2541802338,3.0000000000,2.7265007350,0.0000000000,0.0000000000,06/19/2019,1.5000000000,12/17/2018,0.0280363000,03/19/2019,0.7009075000,03/15/2019,03/05/2019,102.2116,0.0018659016,03/05/2019,2.4000000000,1,0.0001475630,0.0000000000,0.0020134646,102.4309587268,"",100,2M-3M,1.0000000000,"","","","","","","","",12/18/2028,1650,1500,1500,1500,LIY,LIYZ18,12/17/2018,"","",88.96,91.13,"",201812
LIEZ18,101.9415,03/06/2019,06/18/2018,06/18/2018,12/19/2018,12/19/2048,12/21/2048,1.9251836292,62.6785352610,-60.7533516318,3.0000000000,2.9078544056,0.0000000000,0.0000000000,06/19/2019,1.5000000000,12/17/2018,0.0280363000,03/19/2019,0.7009075000,03/15/2019,03/05/2019,101.5532,-0.0164440112,03/05/2019,2.4000000000,1,0.0001024506,0.0000000000,-0.0163415606,101.9415251898,"",100,2M-3M,1.0000000000,"","","","","","","","",12/18/2048,3960,3600,3600,3600,LIE,LIEZ18,12/17/2018,"","",208.93,213.65,"",201812
LITH19,100.2350,03/06/2019,09/17/2018,09/17/2018,03/20/2019,03/20/2021,03/22/2021,0.2320000135,5.3469972125,-5.1149971990,2.7500000000,2.6306806864,0.0000000000,0.0000000000,09/20/2019,1.3750000000,,,06/20/2019,,03/18/2019,03/05/2019,100.1940,-0.0030000994,03/05/2019,2.4000000000,1,0.0000127333,0.0000000000,-0.0029873661,100.2349873796,"",100,,,"","","","","","","","",03/19/2021,440,400,400,400,LIT,LITH19,03/18/2019,"","",19.44,22.23,"",201903
LICH19,100.4790,03/06/2019,09/17/2018,09/17/2018,03/20/2019,03/20/2022,03/21/2022,0.4752992397,7.9163061664,-7.4410069267,2.7500000000,2.5848885349,0.0000000000,0.0000000000,09/20/2019,1.3750000000,,,06/20/2019,,03/18/2019,03/05/2019,100.4160,-0.0037432991,03/05/2019,2.4000000000,1,0.0000274867,0.0000000000,-0.0037158124,100.4790150521,"",100,,,"","","","","","","","",03/18/2022,550,500,500,500,LIC,LICH19,03/18/2019,"","",28.79,31.71,"",201903
LIDH19,100.6975,03/06/2019,09/17/2018,09/17/2018,03/20/2019,03/20/2023,03/20/2023,0.6930001053,10.4291260452,-9.7361259399,2.7500000000,2.5672665398,0.0000000000,0.0000000000,09/20/2019,1.3750000000,,,06/20/2019,,03/18/2019,03/05/2019,100.6050,-0.0045837498,03/05/2019,2.4000000000,1,0.0000400267,0.0000000000,-0.0045437231,100.6975438284,"",100,,,"","","","","","","","",03/17/2023,594,540,540,540,LID,LIDH19,03/18/2019,"","",37.92,41.06,"",201903
LIWH19,100.8325,03/06/2019,09/17/2018,09/17/2018,03/20/2019,03/20/2024,03/20/2024,0.8266000017,12.8919189297,-12.0653189280,2.7500000000,2.5736763652,0.0000000000,0.0000000000,09/20/2019,1.3750000000,,,06/20/2019,,03/18/2019,03/05/2019,100.7125,-0.0059921898,03/05/2019,2.4000000000,1,0.0000471000,0.0000000000,-0.0059450898,100.8325450915,"",100,,,"","","","","","","","",03/19/2024,594,540,540,540,LIW,LIWH19,03/18/2019,"","",46.88,50.16,"",201903
LIBH19,100.8000,03/06/2019,09/17/2018,09/17/2018,03/20/2019,03/20/2026,03/20/2026,0.7896000068,17.6408607623,-16.8512607555,2.7500000000,2.6269107671,0.0000000000,0.0000000000,09/20/2019,1.3750000000,,,06/20/2019,,03/18/2019,03/05/2019,100.6300,-0.0104831546,03/05/2019,2.4000000000,1,0.0000413000,0.0000000000,-0.0104418546,100.8000418614,"",100,,,"","","","","","","","",03/19/2026,1320,1200,1200,1200,LIB,LIBH19,03/18/2019,"","",64.15,67.67,"",201903
LIYH19,102.3700,03/06/2019,09/17/2018,09/17/2018,03/20/2019,03/20/2029,03/20/2029,2.3719999752,26.5224974291,-24.1504974540,3.0000000000,2.7316994772,0.0000000000,0.0000000000,09/20/2019,1.5000000000,,,06/20/2019,,03/18/2019,03/05/2019,102.1500,0.0018162915,03/05/2019,2.4000000000,1,0.0001434533,0.0000000000,0.0019597448,102.3700402303,"",100,,,"","","","","","","","",03/19/2029,1650,1500,1500,1500,LIY,LIYH19,03/18/2019,"","",88.41,93.09,"",201903
LIEH19,101.9100,03/06/2019,09/17/2018,09/17/2018,03/20/2019,03/20/2049,03/22/2049,1.8961000398,62.2664884188,-60.3703883791,3.0000000000,2.9086458822,0.0000000000,0.0000000000,09/20/2019,1.5000000000,,,06/20/2019,,03/18/2019,03/05/2019,101.5200,-0.0139953011,03/05/2019,2.4000000000,1,0.0001004000,0.0000000000,-0.0138949011,101.9099949409,"",100,,,"","","","","","","","",03/19/2049,3960,3600,3600,3600,LIE,LIEH19,03/18/2019,"","",207.55,214.81,"",201903
LITM19,100.7418,03/06/2019,11/30/2018,11/30/2018,06/19/2019,06/19/2021,06/21/2021,0.7455349687,5.7994667514,-5.0539317827,3.0000000000,2.6143430074,0.0000000000,0.0000000000,12/19/2019,1.5000000000,,,09/19/2019,,06/17/2019,03/05/2019,100.6971,0.0037271045,03/05/2019,2.4000000000,1,0.0000467223,0.0000000000,0.0037738268,100.7417611419,"",100,,,"","","","","","","","",06/18/2021,440,400,400,400,LIT,LITM19,06/17/2019,"","",19.33,22.75,"",201906
LICM19,101.2177,03/06/2019,11/30/2018,11/30/2018,06/19/2019,06/19/2022,06/20/2022,1.2239347779,8.5869604884,-7.3630257105,3.0000000000,2.5723976675,0.0000000000,0.0000000000,12/19/2019,1.5000000000,,,09/19/2019,,06/17/2019,03/05/2019,101.1509,0.0061542324,03/05/2019,2.4000000000,1,0.0000771343,0.0000000000,0.0062313667,101.2177034112,"",100,,,"","","","","","","","",06/17/2022,550,500,500,500,LIC,LICM19,06/17/2019,"","",28.62,31.55,"",201906
LIDM19,101.6451,03/06/2019,11/30/2018,11/30/2018,06/19/2019,06/19/2023,06/19/2023,1.6534376591,11.3129259663,-9.6594883072,3.0000000000,2.5615358050,0.0000000000,0.0000000000,12/19/2019,1.5000000000,,,09/19/2019,,06/17/2019,03/05/2019,101.5482,0.0081955345,03/05/2019,2.4000000000,1,0.0001037570,0.0000000000,0.0082992915,101.6451383676,"",100,,,"","","","","","","","",06/16/2023,594,540,540,540,LID,LIDM19,06/17/2019,"","",37.71,41.09,"",201906
LIWM19,101.9714,03/06/2019,11/30/2018,11/30/2018,06/19/2019,06/19/2024,06/19/2024,1.9812475900,13.9839831041,-12.0027355141,3.0000000000,2.5749606728,0.0000000000,0.0000000000,12/19/2019,1.5000000000,,,09/19/2019,,06/17/2019,03/05/2019,101.8458,0.0096956801,03/05/2019,2.4000000000,1,0.0001237001,0.0000000000,0.0098193802,101.9714282098,"",100,,,"","","","","","","","",06/18/2024,594,540,540,540,LIW,LIWM19,06/17/2019,"","",46.61,50.21,"",201906
LIBM19,102.3181,03/06/2019,11/30/2018,11/30/2018,06/19/2019,06/19/2026,06/19/2026,2.3296376293,19.1323310895,-16.8026934602,3.0000000000,2.6347066724,0.0000000000,0.0000000000,12/19/2019,1.5000000000,,,09/19/2019,,06/17/2019,03/05/2019,102.1422,0.0113513705,03/05/2019,2.4000000000,1,0.0001435695,0.0000000000,0.0114949400,102.3181426893,"",100,,,"","","","","","","","",06/18/2026,1320,1200,1200,1200,LIB,LIBM19,06/17/2019,"","",63.77,67.88,"",201906
LIYM19,102.2507,03/06/2019,11/30/2018,11/30/2018,06/19/2019,06/19/2029,06/19/2029,2.2614946270,26.3612381825,-24.0997435555,3.0000000000,2.7426340965,0.0000000000,0.0000000000,12/19/2019,1.5000000000,,,09/19/2019,,06/17/2019,03/05/2019,102.0319,0.0106318190,03/05/2019,2.4000000000,1,0.0001361671,0.0000000000,0.0107679861,102.2507266409,"",100,,,"","","","","","","","",06/18/2029,1650,1500,1500,1500,LIY,LIYM19,06/17/2019,"","",87.87,92.52,"",201906
LIEM19,101.8137,03/06/2019,11/30/2018,11/30/2018,06/19/2019,06/19/2049,06/21/2049,1.8239969996,61.8641293042,-60.0401323046,3.0000000000,2.9115482419,0.0000000000,0.0000000000,12/19/2019,1.5000000000,,,09/19/2019,,06/17/2019,03/05/2019,101.4251,0.0102202269,03/05/2019,2.4000000000,1,0.0000956882,0.0000000000,0.0103159151,101.8136810845,"",100,,,"","","","","","","","",06/18/2049,3960,3600,3600,3600,LIE,LIEM19,06/17/2019,"","",206.21,213.44,"",201906
LITU19,100.7792,03/06/2019,12/17/2018,12/17/2018,09/18/2019,09/18/2021,09/20/2021,0.7831176551,5.7665065503,-4.9833888953,3.0000000000,2.5925864395,0.0000000000,0.0000000000,03/18/2020,1.5000000000,,,12/18/2019,,09/16/2019,03/05/2019,100.7306,0.0038354335,03/05/2019,2.4000000000,1,0.0000489614,0.0000000000,0.0038843949,100.7792332602,"",100,,,"","","","","","","","",09/17/2021,440,400,400,400,LIT,LITU19,09/16/2019,"","",19.22,22.65,"",201909
LICU19,101.2495,03/06/2019,12/17/2018,12/17/2018,09/18/2019,09/18/2022,09/19/2022,1.2556174679,8.5387558342,-7.2831383663,3.0000000000,2.5588523109,0.0000000000,0.0000000000,03/18/2020,1.5000000000,,,12/18/2019,,09/16/2019,03/05/2019,101.1763,0.0060599062,03/05/2019,2.4000000000,1,0.0000788245,0.0000000000,0.0061387307,101.2494787373,"",100,,,"","","","","","","","",09/16/2022,550,500,500,500,LIC,LICU19,09/16/2019,"","",28.46,31.41,"",201909
LIDU19,101.6584,03/06/2019,12/17/2018,12/17/2018,09/18/2019,09/18/2023,09/18/2023,1.6663982647,11.2494804083,-9.5830821436,3.0000000000,2.5556066047,0.0000000000,0.0000000000,03/18/2020,1.5000000000,,,12/18/2019,,09/16/2019,03/05/2019,101.5561,0.0078524573,03/05/2019,2.4000000000,1,0.0001042602,0.0000000000,0.0079567175,101.6584415472,"",100,,,"","","","","","","","",09/15/2023,594,540,540,540,LID,LIDU19,09/16/2019,"","",37.50,40.89,"",201909
LIWU19,101.9531,03/06/2019,12/17/2018,12/17/2018,09/18/2019,09/18/2024,09/18/2024,1.9624146177,13.9047981591,-11.9423835414,3.0000000000,2.5766034296,0.0000000000,0.0000000000,03/18/2020,1.5000000000,,,12/18/2019,,09/16/2019,03/05/2019,101.8206,0.0091700331,03/05/2019,2.4000000000,1,0.0001219853,0.0000000000,0.0092920184,101.9531225994,"",100,,,"","","","","","","","",09/17/2024,594,540,540,540,LIW,LIWU19,09/16/2019,"","",46.35,49.96,"",201909
LIBU19,102.2560,03/06/2019,12/17/2018,12/17/2018,09/18/2019,09/18/2026,09/18/2026,2.2668113885,19.0209066664,-16.7540952779,3.0000000000,2.6424758144,0.0000000000,0.0000000000,03/18/2020,1.5000000000,,,12/18/2019,,09/16/2019,03/05/2019,102.0726,0.0106335535,03/05/2019,2.4000000000,1,0.0001388807,0.0000000000,0.0107724342,102.2560389543,"",100,,,"","","","","","","","",09/17/2026,1320,1200,1200,1200,LIB,LIBU19,09/16/2019,"","",63.40,67.52,"",201909
LIYU19,102.1465,03/06/2019,12/17/2018,12/17/2018,09/18/2019,09/18/2029,09/18/2029,2.1567989844,26.2010018950,-24.0442029106,3.0000000000,2.7530477278,0.0000000000,0.0000000000,03/18/2020,1.5000000000,,,12/18/2019,,09/16/2019,03/05/2019,101.9259,0.0101839958,03/05/2019,2.4000000000,1,0.0001290694,0.0000000000,0.0103130652,102.1464859192,"",100,,,"","","","","","","","",09/17/2029,1650,1500,1500,1500,LIY,LIYU19,09/16/2019,"","",87.34,91.96,"",201909
LIIU19,101.9431,03/06/2019,12/17/2018,12/17/2018,09/18/2019,09/18/2031,09/18/2031,1.9526641431,30.6621388522,-28.7094747091,3.0000000000,2.8089503000,0.0000000000,0.0000000000,03/18/2020,1.5000000000,,,12/18/2019,,09/16/2019,03/05/2019,101.6892,0.0094343756,03/05/2019,2.4000000000,1,0.0001132419,0.0000000000,0.0095476175,101.9431165255,"",100,,,"","","","","","","","",09/17/2031,1925,1750,1750,1750,LII,LIIU19,09/16/2019,"","",102.21,107.06,"",201909
LILU19,104.7389,03/06/2019,12/17/2018,12/17/2018,09/18/2019,09/18/2034,09/18/2034,4.7638861291,39.9731650617,-35.2092789326,3.2500000000,2.8626744056,0.0000000000,0.0000000000,03/18/2020,1.6250000000,,,12/18/2019,,09/16/2019,03/05/2019,104.4630,0.0246433608,03/05/2019,2.4000000000,1,0.0002991754,0.0000000000,0.0249425362,104.7389435929,"",100,,,"","","","","","","","",09/15/2034,2310,2100,2100,2100,LIL,LILU19,09/16/2019,"","",122.99,130.54,"",201909
LIOU19,105.3258,03/06/2019,12/17/2018,12/17/2018,09/18/2019,09/18/2039,09/19/2039,5.3549580959,50.0571207660,-44.7021626701,3.2500000000,2.9023249131,0.0000000000,0.0000000000,03/18/2020,1.6250000000,,,12/18/2019,,09/16/2019,03/05/2019,105.0052,0.0288004616,03/05/2019,2.4000000000,1,0.0003356028,0.0000000000,0.0291360644,105.3258220316,"",100,,,"","","","","","","","",09/16/2039,2585,2350,2350,2350,LIO,LIOU19,09/16/2019,"","",154.02,163.52,"",201909
LIEU19,106.8439,03/06/2019,12/17/2018,12/17/2018,09/18/2019,09/18/2049,09/20/2049,6.8825202496,66.5878207046,-59.7053004549,3.2500000000,2.9140798486,0.0000000000,0.0000000000,03/18/2020,1.6250000000,,,12/18/2019,,09/16/2019,03/05/2019,106.4425,0.0381545527,03/05/2019,2.4000000000,1,0.0004320458,0.0000000000,0.0385865985,106.8439336512,"",100,,,"","","","","","","","",09/17/2049,3960,3600,3600,3600,LIE,LIEU19,09/16/2019,"","",204.89,219.20,"",201909
